[REDACTED_PATH]	818			            carrier_app_wake_signal_config = [com.sec.android.app.setupwizard/com.samsung.vzw.activationagent.receiver.CarrierSignalRedirectedReceiver	com.android.internal.telephony.CARRIER_SIGNAL_REDIRECTED, com.android.carrierdefaultapp/.CarrierDefaultBroadcastReceiver	com.android.internal.telephony.CARRIER_SIGNAL_RESET, com.sec.android.app.setupwizard/com.samsung.vzw.activationagent.receiver.PcoBroadcastReceiver	com.android.internal.telephony.CARRIER_SIGNAL_PCO_VALUE, com.sec.imsservice/com.sec.internal.ims.imsservice.ImsIntentReceiver	com.android.internal.telephony.CARRIER_SIGNAL_PCO_VALUE, com.samsung.android.app.telephonyui/.netsettings.ui.simcardmanager.PcoValueReceiver	android.telephony.action.CARRIER_SIGNAL_PCO_VALUE]
[REDACTED_PATH]	1746			            carrier_app_wake_signal_config = [com.android.carrierdefaultapp/.CarrierDefaultBroadcastReceiver	com.android.internal.telephony.CARRIER_SIGNAL_RESET, com.sec.android.app.setupwizard/com.samsung.vzw.activationagent.receiver.PcoBroadcastReceiver	com.android.internal.telephony.CARRIER_SIGNAL_PCO_VALUE, com.sec.imsservice/com.sec.internal.ims.imsservice.ImsIntentReceiver	com.android.internal.telephony.CARRIER_SIGNAL_PCO_VALUE, com.android.settings/com.samsung.android.settings.deviceinfo.aboutphone.PcoValueReceiver	com.android.internal.telephony.CARRIER_SIGNAL_PCO_VALUE]
[REDACTED_PATH]	818			            carrier_app_wake_signal_config = [com.sec.android.app.setupwizard/com.samsung.vzw.activationagent.receiver.CarrierSignalRedirectedReceiver	com.android.internal.telephony.CARRIER_SIGNAL_REDIRECTED, com.android.carrierdefaultapp/.CarrierDefaultBroadcastReceiver	com.android.internal.telephony.CARRIER_SIGNAL_RESET, com.sec.android.app.setupwizard/com.samsung.vzw.activationagent.receiver.PcoBroadcastReceiver	com.android.internal.telephony.CARRIER_SIGNAL_PCO_VALUE, com.sec.imsservice/com.sec.internal.ims.imsservice.ImsIntentReceiver	com.android.internal.telephony.CARRIER_SIGNAL_PCO_VALUE, com.samsung.android.app.telephonyui/.netsettings.ui.simcardmanager.PcoValueReceiver	android.telephony.action.CARRIER_SIGNAL_PCO_VALUE]
[REDACTED_PATH]	1746			            carrier_app_wake_signal_config = [com.android.carrierdefaultapp/.CarrierDefaultBroadcastReceiver	com.android.internal.telephony.CARRIER_SIGNAL_RESET, com.sec.android.app.setupwizard/com.samsung.vzw.activationagent.receiver.PcoBroadcastReceiver	com.android.internal.telephony.CARRIER_SIGNAL_PCO_VALUE, com.sec.imsservice/com.sec.internal.ims.imsservice.ImsIntentReceiver	com.android.internal.telephony.CARRIER_SIGNAL_PCO_VALUE, com.android.settings/com.samsung.android.settings.deviceinfo.aboutphone.PcoValueReceiver	com.android.internal.telephony.CARRIER_SIGNAL_PCO_VALUE]
[REDACTED_PATH]	276			818	            carrier_app_wake_signal_config = [com.sec.android.app.setupwizard/com.samsung.vzw.activationagent.receiver.CarrierSignalRedirectedReceiver	com.android.internal.telephony.CARRIER_SIGNAL_REDIRECTED, com.android.carrierdefaultapp/.CarrierDefaultBroadcastReceiver	com.android.internal.telephony.CARRIER_SIGNAL_RESET, com.sec.android.app.setupwizard/com.samsung.vzw.activationagent.receiver.PcoBroadcastReceiver	com.android.internal.telephony.CARRIER_SIGNAL_PCO_VALUE, com.sec.imsservice/com.sec.internal.ims.imsservice.ImsIntentReceiver	com.android.internal.telephony.CARRIER_SIGNAL_PCO_VALUE, com.samsung.android.app.telephonyui/.netsettings.ui.simcardmanager.PcoValueReceiver	android.telephony.action.CARRIER_SIGNAL_PCO_VALUE]
[REDACTED_PATH]	391			1746	            carrier_app_wake_signal_config = [com.android.carrierdefaultapp/.CarrierDefaultBroadcastReceiver	com.android.internal.telephony.CARRIER_SIGNAL_RESET, com.sec.android.app.setupwizard/com.samsung.vzw.activationagent.receiver.PcoBroadcastReceiver	com.android.internal.telephony.CARRIER_SIGNAL_PCO_VALUE, com.sec.imsservice/com.sec.internal.ims.imsservice.ImsIntentReceiver	com.android.internal.telephony.CARRIER_SIGNAL_PCO_VALUE, com.android.settings/com.samsung.android.settings.deviceinfo.aboutphone.PcoValueReceiver	com.android.internal.telephony.CARRIER_SIGNAL_PCO_VALUE]
[REDACTED_PATH]	276			818	            carrier_app_wake_signal_config = [com.sec.android.app.setupwizard/com.samsung.vzw.activationagent.receiver.CarrierSignalRedirectedReceiver	com.android.internal.telephony.CARRIER_SIGNAL_REDIRECTED, com.android.carrierdefaultapp/.CarrierDefaultBroadcastReceiver	com.android.internal.telephony.CARRIER_SIGNAL_RESET, com.sec.android.app.setupwizard/com.samsung.vzw.activationagent.receiver.PcoBroadcastReceiver	com.android.internal.telephony.CARRIER_SIGNAL_PCO_VALUE, com.sec.imsservice/com.sec.internal.ims.imsservice.ImsIntentReceiver	com.android.internal.telephony.CARRIER_SIGNAL_PCO_VALUE, com.samsung.android.app.telephonyui/.netsettings.ui.simcardmanager.PcoValueReceiver	android.telephony.action.CARRIER_SIGNAL_PCO_VALUE]
[REDACTED_PATH]	391			1746	            carrier_app_wake_signal_config = [com.android.carrierdefaultapp/.CarrierDefaultBroadcastReceiver	com.android.internal.telephony.CARRIER_SIGNAL_RESET, com.sec.android.app.setupwizard/com.samsung.vzw.activationagent.receiver.PcoBroadcastReceiver	com.android.internal.telephony.CARRIER_SIGNAL_PCO_VALUE, com.sec.imsservice/com.sec.internal.ims.imsservice.ImsIntentReceiver	com.android.internal.telephony.CARRIER_SIGNAL_PCO_VALUE, com.android.settings/com.samsung.android.settings.deviceinfo.aboutphone.PcoValueReceiver	com.android.internal.telephony.CARRIER_SIGNAL_PCO_VALUE]
[REDACTED_PATH]	276			818	            carrier_app_wake_signal_config = [com.sec.android.app.setupwizard/com.samsung.vzw.activationagent.receiver.CarrierSignalRedirectedReceiver	com.android.internal.telephony.CARRIER_SIGNAL_REDIRECTED, com.android.carrierdefaultapp/.CarrierDefaultBroadcastReceiver	com.android.internal.telephony.CARRIER_SIGNAL_RESET, com.sec.android.app.setupwizard/com.samsung.vzw.activationagent.receiver.PcoBroadcastReceiver	com.android.internal.telephony.CARRIER_SIGNAL_PCO_VALUE, com.sec.imsservice/com.sec.internal.ims.imsservice.ImsIntentReceiver	com.android.internal.telephony.CARRIER_SIGNAL_PCO_VALUE, com.samsung.android.app.telephonyui/.netsettings.ui.simcardmanager.PcoValueReceiver	android.telephony.action.CARRIER_SIGNAL_PCO_VALUE]
[REDACTED_PATH]	391			1746	            carrier_app_wake_signal_config = [com.android.carrierdefaultapp/.CarrierDefaultBroadcastReceiver	com.android.internal.telephony.CARRIER_SIGNAL_RESET, com.sec.android.app.setupwizard/com.samsung.vzw.activationagent.receiver.PcoBroadcastReceiver	com.android.internal.telephony.CARRIER_SIGNAL_PCO_VALUE, com.sec.imsservice/com.sec.internal.ims.imsservice.ImsIntentReceiver	com.android.internal.telephony.CARRIER_SIGNAL_PCO_VALUE, com.android.settings/com.samsung.android.settings.deviceinfo.aboutphone.PcoValueReceiver	com.android.internal.telephony.CARRIER_SIGNAL_PCO_VALUE]
[REDACTED_PATH]	276			818	            carrier_app_wake_signal_config = [com.sec.android.app.setupwizard/com.samsung.vzw.activationagent.receiver.CarrierSignalRedirectedReceiver	com.android.internal.telephony.CARRIER_SIGNAL_REDIRECTED, com.android.carrierdefaultapp/.CarrierDefaultBroadcastReceiver	com.android.internal.telephony.CARRIER_SIGNAL_RESET, com.sec.android.app.setupwizard/com.samsung.vzw.activationagent.receiver.PcoBroadcastReceiver	com.android.internal.telephony.CARRIER_SIGNAL_PCO_VALUE, com.sec.imsservice/com.sec.internal.ims.imsservice.ImsIntentReceiver	com.android.internal.telephony.CARRIER_SIGNAL_PCO_VALUE, com.samsung.android.app.telephonyui/.netsettings.ui.simcardmanager.PcoValueReceiver	android.telephony.action.CARRIER_SIGNAL_PCO_VALUE]
[REDACTED_PATH]	391			1746	            carrier_app_wake_signal_config = [com.android.carrierdefaultapp/.CarrierDefaultBroadcastReceiver	com.android.internal.telephony.CARRIER_SIGNAL_RESET, com.sec.android.app.setupwizard/com.samsung.vzw.activationagent.receiver.PcoBroadcastReceiver	com.android.internal.telephony.CARRIER_SIGNAL_PCO_VALUE, com.sec.imsservice/com.sec.internal.ims.imsservice.ImsIntentReceiver	com.android.internal.telephony.CARRIER_SIGNAL_PCO_VALUE, com.android.settings/com.samsung.android.settings.deviceinfo.aboutphone.PcoValueReceiver	com.android.internal.telephony.CARRIER_SIGNAL_PCO_VALUE]
[REDACTED_PATH]	276			818	            carrier_app_wake_signal_config = [com.sec.android.app.setupwizard/com.samsung.vzw.activationagent.receiver.CarrierSignalRedirectedReceiver	com.android.internal.telephony.CARRIER_SIGNAL_REDIRECTED, com.android.carrierdefaultapp/.CarrierDefaultBroadcastReceiver	com.android.internal.telephony.CARRIER_SIGNAL_RESET, com.sec.android.app.setupwizard/com.samsung.vzw.activationagent.receiver.PcoBroadcastReceiver	com.android.internal.telephony.CARRIER_SIGNAL_PCO_VALUE, com.sec.imsservice/com.sec.internal.ims.imsservice.ImsIntentReceiver	com.android.internal.telephony.CARRIER_SIGNAL_PCO_VALUE, com.samsung.android.app.telephonyui/.netsettings.ui.simcardmanager.PcoValueReceiver	android.telephony.action.CARRIER_SIGNAL_PCO_VALUE]
[REDACTED_PATH]	391			1746	            carrier_app_wake_signal_config = [com.android.carrierdefaultapp/.CarrierDefaultBroadcastReceiver	com.android.internal.telephony.CARRIER_SIGNAL_RESET, com.sec.android.app.setupwizard/com.samsung.vzw.activationagent.receiver.PcoBroadcastReceiver	com.android.internal.telephony.CARRIER_SIGNAL_PCO_VALUE, com.sec.imsservice/com.sec.internal.ims.imsservice.ImsIntentReceiver	com.android.internal.telephony.CARRIER_SIGNAL_PCO_VALUE, com.android.settings/com.samsung.android.settings.deviceinfo.aboutphone.PcoValueReceiver	com.android.internal.telephony.CARRIER_SIGNAL_PCO_VALUE]
[REDACTED_PATH]	276			818	            carrier_app_wake_signal_config = [com.sec.android.app.setupwizard/com.samsung.vzw.activationagent.receiver.CarrierSignalRedirectedReceiver	com.android.internal.telephony.CARRIER_SIGNAL_REDIRECTED, com.android.carrierdefaultapp/.CarrierDefaultBroadcastReceiver	com.android.internal.telephony.CARRIER_SIGNAL_RESET, com.sec.android.app.setupwizard/com.samsung.vzw.activationagent.receiver.PcoBroadcastReceiver	com.android.internal.telephony.CARRIER_SIGNAL_PCO_VALUE, com.sec.imsservice/com.sec.internal.ims.imsservice.ImsIntentReceiver	com.android.internal.telephony.CARRIER_SIGNAL_PCO_VALUE, com.samsung.android.app.telephonyui/.netsettings.ui.simcardmanager.PcoValueReceiver	android.telephony.action.CARRIER_SIGNAL_PCO_VALUE]
[REDACTED_PATH]	391			1746	            carrier_app_wake_signal_config = [com.android.carrierdefaultapp/.CarrierDefaultBroadcastReceiver	com.android.internal.telephony.CARRIER_SIGNAL_RESET, com.sec.android.app.setupwizard/com.samsung.vzw.activationagent.receiver.PcoBroadcastReceiver	com.android.internal.telephony.CARRIER_SIGNAL_PCO_VALUE, com.sec.imsservice/com.sec.internal.ims.imsservice.ImsIntentReceiver	com.android.internal.telephony.CARRIER_SIGNAL_PCO_VALUE, com.android.settings/com.samsung.android.settings.deviceinfo.aboutphone.PcoValueReceiver	com.android.internal.telephony.CARRIER_SIGNAL_PCO_VALUE]
[REDACTED_PATH]	276			818	            carrier_app_wake_signal_config = [com.sec.android.app.setupwizard/com.samsung.vzw.activationagent.receiver.CarrierSignalRedirectedReceiver	com.android.internal.telephony.CARRIER_SIGNAL_REDIRECTED, com.android.carrierdefaultapp/.CarrierDefaultBroadcastReceiver	com.android.internal.telephony.CARRIER_SIGNAL_RESET, com.sec.android.app.setupwizard/com.samsung.vzw.activationagent.receiver.PcoBroadcastReceiver	com.android.internal.telephony.CARRIER_SIGNAL_PCO_VALUE, com.sec.imsservice/com.sec.internal.ims.imsservice.ImsIntentReceiver	com.android.internal.telephony.CARRIER_SIGNAL_PCO_VALUE, com.samsung.android.app.telephonyui/.netsettings.ui.simcardmanager.PcoValueReceiver	android.telephony.action.CARRIER_SIGNAL_PCO_VALUE]
[REDACTED_PATH]	391			1746	            carrier_app_wake_signal_config = [com.android.carrierdefaultapp/.CarrierDefaultBroadcastReceiver	com.android.internal.telephony.CARRIER_SIGNAL_RESET, com.sec.android.app.setupwizard/com.samsung.vzw.activationagent.receiver.PcoBroadcastReceiver	com.android.internal.telephony.CARRIER_SIGNAL_PCO_VALUE, com.sec.imsservice/com.sec.internal.ims.imsservice.ImsIntentReceiver	com.android.internal.telephony.CARRIER_SIGNAL_PCO_VALUE, com.android.settings/com.samsung.android.settings.deviceinfo.aboutphone.PcoValueReceiver	com.android.internal.telephony.CARRIER_SIGNAL_PCO_VALUE]
[REDACTED_PATH]	276			818	            carrier_app_wake_signal_config = [com.sec.android.app.setupwizard/com.samsung.vzw.activationagent.receiver.CarrierSignalRedirectedReceiver	com.android.internal.telephony.CARRIER_SIGNAL_REDIRECTED, com.android.carrierdefaultapp/.CarrierDefaultBroadcastReceiver	com.android.internal.telephony.CARRIER_SIGNAL_RESET, com.sec.android.app.setupwizard/com.samsung.vzw.activationagent.receiver.PcoBroadcastReceiver	com.android.internal.telephony.CARRIER_SIGNAL_PCO_VALUE, com.sec.imsservice/com.sec.internal.ims.imsservice.ImsIntentReceiver	com.android.internal.telephony.CARRIER_SIGNAL_PCO_VALUE, com.samsung.android.app.telephonyui/.netsettings.ui.simcardmanager.PcoValueReceiver	android.telephony.action.CARRIER_SIGNAL_PCO_VALUE]
[REDACTED_PATH]	391			1746	            carrier_app_wake_signal_config = [com.android.carrierdefaultapp/.CarrierDefaultBroadcastReceiver	com.android.internal.telephony.CARRIER_SIGNAL_RESET, com.sec.android.app.setupwizard/com.samsung.vzw.activationagent.receiver.PcoBroadcastReceiver	com.android.internal.telephony.CARRIER_SIGNAL_PCO_VALUE, com.sec.imsservice/com.sec.internal.ims.imsservice.ImsIntentReceiver	com.android.internal.telephony.CARRIER_SIGNAL_PCO_VALUE, com.android.settings/com.samsung.android.settings.deviceinfo.aboutphone.PcoValueReceiver	com.android.internal.telephony.CARRIER_SIGNAL_PCO_VALUE]
[REDACTED_PATH] (1).txt	791			            carrier_app_wake_signal_config = [com.android.carrierdefaultapp/.CarrierDefaultBroadcastReceiver	com.android.internal.telephony.CARRIER_SIGNAL_RESET, com.sec.android.app.setupwizard/com.samsung.vzw.activationagent.receiver.PcoBroadcastReceiver	com.android.internal.telephony.CARRIER_SIGNAL_PCO_VALUE, com.sec.imsservice/com.sec.internal.ims.imsservice.ImsIntentReceiver	com.android.internal.telephony.CARRIER_SIGNAL_PCO_VALUE, com.android.settings/com.samsung.android.settings.deviceinfo.aboutphone.PcoValueReceiver	com.android.internal.telephony.CARRIER_SIGNAL_PCO_VALUE]
[REDACTED_PATH] (1).txt	1640			            carrier_app_wake_signal_config = [com.sec.android.app.setupwizard/com.samsung.vzw.activationagent.receiver.CarrierSignalRedirectedReceiver	com.android.internal.telephony.CARRIER_SIGNAL_REDIRECTED, com.android.carrierdefaultapp/.CarrierDefaultBroadcastReceiver	com.android.internal.telephony.CARRIER_SIGNAL_RESET, com.sec.android.app.setupwizard/com.samsung.vzw.activationagent.receiver.PcoBroadcastReceiver	com.android.internal.telephony.CARRIER_SIGNAL_PCO_VALUE, com.sec.imsservice/com.sec.internal.ims.imsservice.ImsIntentReceiver	com.android.internal.telephony.CARRIER_SIGNAL_PCO_VALUE, com.samsung.android.app.telephonyui/.netsettings.ui.simcardmanager.PcoValueReceiver	android.telephony.action.CARRIER_SIGNAL_PCO_VALUE]
[REDACTED_PATH] (2).txt	791			            carrier_app_wake_signal_config = [com.android.carrierdefaultapp/.CarrierDefaultBroadcastReceiver	com.android.internal.telephony.CARRIER_SIGNAL_RESET, com.sec.android.app.setupwizard/com.samsung.vzw.activationagent.receiver.PcoBroadcastReceiver	com.android.internal.telephony.CARRIER_SIGNAL_PCO_VALUE, com.sec.imsservice/com.sec.internal.ims.imsservice.ImsIntentReceiver	com.android.internal.telephony.CARRIER_SIGNAL_PCO_VALUE, com.android.settings/com.samsung.android.settings.deviceinfo.aboutphone.PcoValueReceiver	com.android.internal.telephony.CARRIER_SIGNAL_PCO_VALUE]
[REDACTED_PATH] (2).txt	1640			            carrier_app_wake_signal_config = [com.sec.android.app.setupwizard/com.samsung.vzw.activationagent.receiver.CarrierSignalRedirectedReceiver	com.android.internal.telephony.CARRIER_SIGNAL_REDIRECTED, com.android.carrierdefaultapp/.CarrierDefaultBroadcastReceiver	com.android.internal.telephony.CARRIER_SIGNAL_RESET, com.sec.android.app.setupwizard/com.samsung.vzw.activationagent.receiver.PcoBroadcastReceiver	com.android.internal.telephony.CARRIER_SIGNAL_PCO_VALUE, com.sec.imsservice/com.sec.internal.ims.imsservice.ImsIntentReceiver	com.android.internal.telephony.CARRIER_SIGNAL_PCO_VALUE, com.samsung.android.app.telephonyui/.netsettings.ui.simcardmanager.PcoValueReceiver	android.telephony.action.CARRIER_SIGNAL_PCO_VALUE]
[REDACTED_PATH] (3).txt	791			            carrier_app_wake_signal_config = [com.android.carrierdefaultapp/.CarrierDefaultBroadcastReceiver	com.android.internal.telephony.CARRIER_SIGNAL_RESET, com.sec.android.app.setupwizard/com.samsung.vzw.activationagent.receiver.PcoBroadcastReceiver	com.android.internal.telephony.CARRIER_SIGNAL_PCO_VALUE, com.sec.imsservice/com.sec.internal.ims.imsservice.ImsIntentReceiver	com.android.internal.telephony.CARRIER_SIGNAL_PCO_VALUE, com.android.settings/com.samsung.android.settings.deviceinfo.aboutphone.PcoValueReceiver	com.android.internal.telephony.CARRIER_SIGNAL_PCO_VALUE]
[REDACTED_PATH] (3).txt	1640			            carrier_app_wake_signal_config = [com.sec.android.app.setupwizard/com.samsung.vzw.activationagent.receiver.CarrierSignalRedirectedReceiver	com.android.internal.telephony.CARRIER_SIGNAL_REDIRECTED, com.android.carrierdefaultapp/.CarrierDefaultBroadcastReceiver	com.android.internal.telephony.CARRIER_SIGNAL_RESET, com.sec.android.app.setupwizard/com.samsung.vzw.activationagent.receiver.PcoBroadcastReceiver	com.android.internal.telephony.CARRIER_SIGNAL_PCO_VALUE, com.sec.imsservice/com.sec.internal.ims.imsservice.ImsIntentReceiver	com.android.internal.telephony.CARRIER_SIGNAL_PCO_VALUE, com.samsung.android.app.telephonyui/.netsettings.ui.simcardmanager.PcoValueReceiver	android.telephony.action.CARRIER_SIGNAL_PCO_VALUE]
[REDACTED_PATH]	791			            carrier_app_wake_signal_config = [com.android.carrierdefaultapp/.CarrierDefaultBroadcastReceiver	com.android.internal.telephony.CARRIER_SIGNAL_RESET, com.sec.android.app.setupwizard/com.samsung.vzw.activationagent.receiver.PcoBroadcastReceiver	com.android.internal.telephony.CARRIER_SIGNAL_PCO_VALUE, com.sec.imsservice/com.sec.internal.ims.imsservice.ImsIntentReceiver	com.android.internal.telephony.CARRIER_SIGNAL_PCO_VALUE, com.android.settings/com.samsung.android.settings.deviceinfo.aboutphone.PcoValueReceiver	com.android.internal.telephony.CARRIER_SIGNAL_PCO_VALUE]
[REDACTED_PATH]	1640			            carrier_app_wake_signal_config = [com.sec.android.app.setupwizard/com.samsung.vzw.activationagent.receiver.CarrierSignalRedirectedReceiver	com.android.internal.telephony.CARRIER_SIGNAL_REDIRECTED, com.android.carrierdefaultapp/.CarrierDefaultBroadcastReceiver	com.android.internal.telephony.CARRIER_SIGNAL_RESET, com.sec.android.app.setupwizard/com.samsung.vzw.activationagent.receiver.PcoBroadcastReceiver	com.android.internal.telephony.CARRIER_SIGNAL_PCO_VALUE, com.sec.imsservice/com.sec.internal.ims.imsservice.ImsIntentReceiver	com.android.internal.telephony.CARRIER_SIGNAL_PCO_VALUE, com.samsung.android.app.telephonyui/.netsettings.ui.simcardmanager.PcoValueReceiver	android.telephony.action.CARRIER_SIGNAL_PCO_VALUE]
[REDACTED_PATH]	818			            carrier_app_wake_signal_config = [com.sec.android.app.setupwizard/com.samsung.vzw.activationagent.receiver.CarrierSignalRedirectedReceiver	com.android.internal.telephony.CARRIER_SIGNAL_REDIRECTED, com.android.carrierdefaultapp/.CarrierDefaultBroadcastReceiver	com.android.internal.telephony.CARRIER_SIGNAL_RESET, com.sec.android.app.setupwizard/com.samsung.vzw.activationagent.receiver.PcoBroadcastReceiver	com.android.internal.telephony.CARRIER_SIGNAL_PCO_VALUE, com.sec.imsservice/com.sec.internal.ims.imsservice.ImsIntentReceiver	com.android.internal.telephony.CARRIER_SIGNAL_PCO_VALUE, com.samsung.android.app.telephonyui/.netsettings.ui.simcardmanager.PcoValueReceiver	android.telephony.action.CARRIER_SIGNAL_PCO_VALUE]
[REDACTED_PATH]	1746			            carrier_app_wake_signal_config = [com.android.carrierdefaultapp/.CarrierDefaultBroadcastReceiver	com.android.internal.telephony.CARRIER_SIGNAL_RESET, com.sec.android.app.setupwizard/com.samsung.vzw.activationagent.receiver.PcoBroadcastReceiver	com.android.internal.telephony.CARRIER_SIGNAL_PCO_VALUE, com.sec.imsservice/com.sec.internal.ims.imsservice.ImsIntentReceiver	com.android.internal.telephony.CARRIER_SIGNAL_PCO_VALUE, com.android.settings/com.samsung.android.settings.deviceinfo.aboutphone.PcoValueReceiver	com.android.internal.telephony.CARRIER_SIGNAL_PCO_VALUE]
[REDACTED_PATH]	818			            carrier_app_wake_signal_config = [com.sec.android.app.setupwizard/com.samsung.vzw.activationagent.receiver.CarrierSignalRedirectedReceiver	com.android.internal.telephony.CARRIER_SIGNAL_REDIRECTED, com.android.carrierdefaultapp/.CarrierDefaultBroadcastReceiver	com.android.internal.telephony.CARRIER_SIGNAL_RESET, com.sec.android.app.setupwizard/com.samsung.vzw.activationagent.receiver.PcoBroadcastReceiver	com.android.internal.telephony.CARRIER_SIGNAL_PCO_VALUE, com.sec.imsservice/com.sec.internal.ims.imsservice.ImsIntentReceiver	com.android.internal.telephony.CARRIER_SIGNAL_PCO_VALUE, com.samsung.android.app.telephonyui/.netsettings.ui.simcardmanager.PcoValueReceiver	android.telephony.action.CARRIER_SIGNAL_PCO_VALUE]
[REDACTED_PATH]	1746			            carrier_app_wake_signal_config = [com.android.carrierdefaultapp/.CarrierDefaultBroadcastReceiver	com.android.internal.telephony.CARRIER_SIGNAL_RESET, com.sec.android.app.setupwizard/com.samsung.vzw.activationagent.receiver.PcoBroadcastReceiver	com.android.internal.telephony.CARRIER_SIGNAL_PCO_VALUE, com.sec.imsservice/com.sec.internal.ims.imsservice.ImsIntentReceiver	com.android.internal.telephony.CARRIER_SIGNAL_PCO_VALUE, com.android.settings/com.samsung.android.settings.deviceinfo.aboutphone.PcoValueReceiver	com.android.internal.telephony.CARRIER_SIGNAL_PCO_VALUE]
[REDACTED_PATH]	818			            carrier_app_wake_signal_config = [com.sec.android.app.setupwizard/com.samsung.vzw.activationagent.receiver.CarrierSignalRedirectedReceiver	com.android.internal.telephony.CARRIER_SIGNAL_REDIRECTED, com.android.carrierdefaultapp/.CarrierDefaultBroadcastReceiver	com.android.internal.telephony.CARRIER_SIGNAL_RESET, com.sec.android.app.setupwizard/com.samsung.vzw.activationagent.receiver.PcoBroadcastReceiver	com.android.internal.telephony.CARRIER_SIGNAL_PCO_VALUE, com.sec.imsservice/com.sec.internal.ims.imsservice.ImsIntentReceiver	com.android.internal.telephony.CARRIER_SIGNAL_PCO_VALUE, com.samsung.android.app.telephonyui/.netsettings.ui.simcardmanager.PcoValueReceiver	android.telephony.action.CARRIER_SIGNAL_PCO_VALUE]
[REDACTED_PATH]	1746			            carrier_app_wake_signal_config = [com.android.carrierdefaultapp/.CarrierDefaultBroadcastReceiver	com.android.internal.telephony.CARRIER_SIGNAL_RESET, com.sec.android.app.setupwizard/com.samsung.vzw.activationagent.receiver.PcoBroadcastReceiver	com.android.internal.telephony.CARRIER_SIGNAL_PCO_VALUE, com.sec.imsservice/com.sec.internal.ims.imsservice.ImsIntentReceiver	com.android.internal.telephony.CARRIER_SIGNAL_PCO_VALUE, com.android.settings/com.samsung.android.settings.deviceinfo.aboutphone.PcoValueReceiver	com.android.internal.telephony.CARRIER_SIGNAL_PCO_VALUE]
[REDACTED_PATH]	791			            carrier_app_wake_signal_config = [com.android.carrierdefaultapp/.CarrierDefaultBroadcastReceiver	com.android.internal.telephony.CARRIER_SIGNAL_RESET, com.sec.android.app.setupwizard/com.samsung.vzw.activationagent.receiver.PcoBroadcastReceiver	com.android.internal.telephony.CARRIER_SIGNAL_PCO_VALUE, com.sec.imsservice/com.sec.internal.ims.imsservice.ImsIntentReceiver	com.android.internal.telephony.CARRIER_SIGNAL_PCO_VALUE, com.android.settings/com.samsung.android.settings.deviceinfo.aboutphone.PcoValueReceiver	com.android.internal.telephony.CARRIER_SIGNAL_PCO_VALUE]
[REDACTED_PATH]	1640			            carrier_app_wake_signal_config = [com.sec.android.app.setupwizard/com.samsung.vzw.activationagent.receiver.CarrierSignalRedirectedReceiver	com.android.internal.telephony.CARRIER_SIGNAL_REDIRECTED, com.android.carrierdefaultapp/.CarrierDefaultBroadcastReceiver	com.android.internal.telephony.CARRIER_SIGNAL_RESET, com.sec.android.app.setupwizard/com.samsung.vzw.activationagent.receiver.PcoBroadcastReceiver	com.android.internal.telephony.CARRIER_SIGNAL_PCO_VALUE, com.sec.imsservice/com.sec.internal.ims.imsservice.ImsIntentReceiver	com.android.internal.telephony.CARRIER_SIGNAL_PCO_VALUE, com.samsung.android.app.telephonyui/.netsettings.ui.simcardmanager.PcoValueReceiver	android.telephony.action.CARRIER_SIGNAL_PCO_VALUE]
[REDACTED_PATH]	791			            carrier_app_wake_signal_config = [com.android.carrierdefaultapp/.CarrierDefaultBroadcastReceiver	com.android.internal.telephony.CARRIER_SIGNAL_RESET, com.sec.android.app.setupwizard/com.samsung.vzw.activationagent.receiver.PcoBroadcastReceiver	com.android.internal.telephony.CARRIER_SIGNAL_PCO_VALUE, com.sec.imsservice/com.sec.internal.ims.imsservice.ImsIntentReceiver	com.android.internal.telephony.CARRIER_SIGNAL_PCO_VALUE, com.android.settings/com.samsung.android.settings.deviceinfo.aboutphone.PcoValueReceiver	com.android.internal.telephony.CARRIER_SIGNAL_PCO_VALUE]
[REDACTED_PATH]	1640			            carrier_app_wake_signal_config = [com.sec.android.app.setupwizard/com.samsung.vzw.activationagent.receiver.CarrierSignalRedirectedReceiver	com.android.internal.telephony.CARRIER_SIGNAL_REDIRECTED, com.android.carrierdefaultapp/.CarrierDefaultBroadcastReceiver	com.android.internal.telephony.CARRIER_SIGNAL_RESET, com.sec.android.app.setupwizard/com.samsung.vzw.activationagent.receiver.PcoBroadcastReceiver	com.android.internal.telephony.CARRIER_SIGNAL_PCO_VALUE, com.sec.imsservice/com.sec.internal.ims.imsservice.ImsIntentReceiver	com.android.internal.telephony.CARRIER_SIGNAL_PCO_VALUE, com.samsung.android.app.telephonyui/.netsettings.ui.simcardmanager.PcoValueReceiver	android.telephony.action.CARRIER_SIGNAL_PCO_VALUE]
[REDACTED_PATH]	791			            carrier_app_wake_signal_config = [com.android.carrierdefaultapp/.CarrierDefaultBroadcastReceiver	com.android.internal.telephony.CARRIER_SIGNAL_RESET, com.sec.android.app.setupwizard/com.samsung.vzw.activationagent.receiver.PcoBroadcastReceiver	com.android.internal.telephony.CARRIER_SIGNAL_PCO_VALUE, com.sec.imsservice/com.sec.internal.ims.imsservice.ImsIntentReceiver	com.android.internal.telephony.CARRIER_SIGNAL_PCO_VALUE, com.android.settings/com.samsung.android.settings.deviceinfo.aboutphone.PcoValueReceiver	com.android.internal.telephony.CARRIER_SIGNAL_PCO_VALUE]
[REDACTED_PATH]	1640			            carrier_app_wake_signal_config = [com.sec.android.app.setupwizard/com.samsung.vzw.activationagent.receiver.CarrierSignalRedirectedReceiver	com.android.internal.telephony.CARRIER_SIGNAL_REDIRECTED, com.android.carrierdefaultapp/.CarrierDefaultBroadcastReceiver	com.android.internal.telephony.CARRIER_SIGNAL_RESET, com.sec.android.app.setupwizard/com.samsung.vzw.activationagent.receiver.PcoBroadcastReceiver	com.android.internal.telephony.CARRIER_SIGNAL_PCO_VALUE, com.sec.imsservice/com.sec.internal.ims.imsservice.ImsIntentReceiver	com.android.internal.telephony.CARRIER_SIGNAL_PCO_VALUE, com.samsung.android.app.telephonyui/.netsettings.ui.simcardmanager.PcoValueReceiver	android.telephony.action.CARRIER_SIGNAL_PCO_VALUE]
[REDACTED_PATH]	791			            carrier_app_wake_signal_config = [com.android.carrierdefaultapp/.CarrierDefaultBroadcastReceiver	com.android.internal.telephony.CARRIER_SIGNAL_RESET, com.sec.android.app.setupwizard/com.samsung.vzw.activationagent.receiver.PcoBroadcastReceiver	com.android.internal.telephony.CARRIER_SIGNAL_PCO_VALUE, com.sec.imsservice/com.sec.internal.ims.imsservice.ImsIntentReceiver	com.android.internal.telephony.CARRIER_SIGNAL_PCO_VALUE, com.android.settings/com.samsung.android.settings.deviceinfo.aboutphone.PcoValueReceiver	com.android.internal.telephony.CARRIER_SIGNAL_PCO_VALUE]
[REDACTED_PATH]	1640			            carrier_app_wake_signal_config = [com.sec.android.app.setupwizard/com.samsung.vzw.activationagent.receiver.CarrierSignalRedirectedReceiver	com.android.internal.telephony.CARRIER_SIGNAL_REDIRECTED, com.android.carrierdefaultapp/.CarrierDefaultBroadcastReceiver	com.android.internal.telephony.CARRIER_SIGNAL_RESET, com.sec.android.app.setupwizard/com.samsung.vzw.activationagent.receiver.PcoBroadcastReceiver	com.android.internal.telephony.CARRIER_SIGNAL_PCO_VALUE, com.sec.imsservice/com.sec.internal.ims.imsservice.ImsIntentReceiver	com.android.internal.telephony.CARRIER_SIGNAL_PCO_VALUE, com.samsung.android.app.telephonyui/.netsettings.ui.simcardmanager.PcoValueReceiver	android.telephony.action.CARRIER_SIGNAL_PCO_VALUE]
[REDACTED_PATH]	791			            carrier_app_wake_signal_config = [com.android.carrierdefaultapp/.CarrierDefaultBroadcastReceiver	com.android.internal.telephony.CARRIER_SIGNAL_RESET, com.sec.android.app.setupwizard/com.samsung.vzw.activationagent.receiver.PcoBroadcastReceiver	com.android.internal.telephony.CARRIER_SIGNAL_PCO_VALUE, com.sec.imsservice/com.sec.internal.ims.imsservice.ImsIntentReceiver	com.android.internal.telephony.CARRIER_SIGNAL_PCO_VALUE, com.android.settings/com.samsung.android.settings.deviceinfo.aboutphone.PcoValueReceiver	com.android.internal.telephony.CARRIER_SIGNAL_PCO_VALUE]
[REDACTED_PATH]	1640			            carrier_app_wake_signal_config = [com.sec.android.app.setupwizard/com.samsung.vzw.activationagent.receiver.CarrierSignalRedirectedReceiver	com.android.internal.telephony.CARRIER_SIGNAL_REDIRECTED, com.android.carrierdefaultapp/.CarrierDefaultBroadcastReceiver	com.android.internal.telephony.CARRIER_SIGNAL_RESET, com.sec.android.app.setupwizard/com.samsung.vzw.activationagent.receiver.PcoBroadcastReceiver	com.android.internal.telephony.CARRIER_SIGNAL_PCO_VALUE, com.sec.imsservice/com.sec.internal.ims.imsservice.ImsIntentReceiver	com.android.internal.telephony.CARRIER_SIGNAL_PCO_VALUE, com.samsung.android.app.telephonyui/.netsettings.ui.simcardmanager.PcoValueReceiver	android.telephony.action.CARRIER_SIGNAL_PCO_VALUE]
[REDACTED_PATH]	791			            carrier_app_wake_signal_config = [com.android.carrierdefaultapp/.CarrierDefaultBroadcastReceiver	com.android.internal.telephony.CARRIER_SIGNAL_RESET, com.sec.android.app.setupwizard/com.samsung.vzw.activationagent.receiver.PcoBroadcastReceiver	com.android.internal.telephony.CARRIER_SIGNAL_PCO_VALUE, com.sec.imsservice/com.sec.internal.ims.imsservice.ImsIntentReceiver	com.android.internal.telephony.CARRIER_SIGNAL_PCO_VALUE, com.android.settings/com.samsung.android.settings.deviceinfo.aboutphone.PcoValueReceiver	com.android.internal.telephony.CARRIER_SIGNAL_PCO_VALUE]
[REDACTED_PATH]	1640			            carrier_app_wake_signal_config = [com.sec.android.app.setupwizard/com.samsung.vzw.activationagent.receiver.CarrierSignalRedirectedReceiver	com.android.internal.telephony.CARRIER_SIGNAL_REDIRECTED, com.android.carrierdefaultapp/.CarrierDefaultBroadcastReceiver	com.android.internal.telephony.CARRIER_SIGNAL_RESET, com.sec.android.app.setupwizard/com.samsung.vzw.activationagent.receiver.PcoBroadcastReceiver	com.android.internal.telephony.CARRIER_SIGNAL_PCO_VALUE, com.sec.imsservice/com.sec.internal.ims.imsservice.ImsIntentReceiver	com.android.internal.telephony.CARRIER_SIGNAL_PCO_VALUE, com.samsung.android.app.telephonyui/.netsettings.ui.simcardmanager.PcoValueReceiver	android.telephony.action.CARRIER_SIGNAL_PCO_VALUE]
[REDACTED_PATH]	4323			        action=android.telephony.action.CARRIER_SIGNAL_PCO_VALUE cnt=0 max=6 total=162
[REDACTED_PATH]	4323			        action=android.telephony.action.CARRIER_SIGNAL_PCO_VALUE cnt=0 max=6 total=162
[REDACTED_PATH]	2887			        action=android.telephony.action.CARRIER_SIGNAL_PCO_VALUE cnt=0 max=4 total=46
[REDACTED_PATH]	2701			        action=android.telephony.action.CARRIER_SIGNAL_PCO_VALUE cnt=0 max=4 total=18
[REDACTED_PATH]	3662			        action=android.telephony.action.CARRIER_SIGNAL_PCO_VALUE cnt=0 max=6 total=84
[REDACTED_PATH]	1186			12-13 00	07	43.354 D/CarrierSignalAgent( 3997)	 [1]Sending signal android.telephony.action.CARRIER_SIGNAL_PCO_VALUE to the carrier signal receiver	 ComponentInfo{com.samsung.android.app.telephonyui/com.samsung.android.app.telephonyui.netsettings.ui.simcardmanager.PcoValueReceiver}
[REDACTED_PATH]	1187			12-13 00	07	43.360 D/CarrierSignalAgent( 3997)	 [1]Sending signal android.telephony.action.CARRIER_SIGNAL_PCO_VALUE to the carrier signal receiver	 ComponentInfo{com.sec.imsservice/com.sec.internal.ims.imsservice.ImsIntentReceiver}
[REDACTED_PATH]	1188			12-13 00	07	43.360 E/CarrierSignalAgent( 3997)	 [1]Carrier signal receivers are configured but unavailable	 ComponentInfo{com.sec.android.app.setupwizard/com.samsung.vzw.activationagent.receiver.PcoBroadcastReceiver}
[REDACTED_PATH]	1189			12-13 00	07	43.363 D/CarrierSignalAgent( 3997)	 [1]Sending signal android.telephony.action.CARRIER_SIGNAL_PCO_VALUE to the carrier signal receiver	 ComponentInfo{com.samsung.android.app.telephonyui/com.samsung.android.app.telephonyui.netsettings.ui.simcardmanager.PcoValueReceiver}
[REDACTED_PATH]	1193			12-13 00	07	43.365 D/CarrierSignalAgent( 3997)	 [1]Sending signal android.telephony.action.CARRIER_SIGNAL_PCO_VALUE to the carrier signal receiver	 ComponentInfo{com.sec.imsservice/com.sec.internal.ims.imsservice.ImsIntentReceiver}
[REDACTED_PATH]	1194			12-13 00	07	43.365 E/CarrierSignalAgent( 3997)	 [1]Carrier signal receivers are configured but unavailable	 ComponentInfo{com.sec.android.app.setupwizard/com.samsung.vzw.activationagent.receiver.PcoBroadcastReceiver}
[REDACTED_PATH]	4238			12-13 00	14	22.659 D/CarrierSignalAgent( 3997)	 [1]Sending signal android.telephony.action.CARRIER_SIGNAL_PCO_VALUE to the carrier signal receiver	 ComponentInfo{com.samsung.android.app.telephonyui/com.samsung.android.app.telephonyui.netsettings.ui.simcardmanager.PcoValueReceiver}
[REDACTED_PATH]	4239			12-13 00	14	22.661 D/CarrierSignalAgent( 3997)	 [1]Sending signal android.telephony.action.CARRIER_SIGNAL_PCO_VALUE to the carrier signal receiver	 ComponentInfo{com.sec.imsservice/com.sec.internal.ims.imsservice.ImsIntentReceiver}
[REDACTED_PATH]	4240			12-13 00	14	22.662 E/CarrierSignalAgent( 3997)	 [1]Carrier signal receivers are configured but unavailable	 ComponentInfo{com.sec.android.app.setupwizard/com.samsung.vzw.activationagent.receiver.PcoBroadcastReceiver}
[REDACTED_PATH]	4241			12-13 00	14	22.663 D/CarrierSignalAgent( 3997)	 [1]Sending signal android.telephony.action.CARRIER_SIGNAL_PCO_VALUE to the carrier signal receiver	 ComponentInfo{com.samsung.android.app.telephonyui/com.samsung.android.app.telephonyui.netsettings.ui.simcardmanager.PcoValueReceiver}
[REDACTED_PATH]	4245			12-13 00	14	22.665 D/CarrierSignalAgent( 3997)	 [1]Sending signal android.telephony.action.CARRIER_SIGNAL_PCO_VALUE to the carrier signal receiver	 ComponentInfo{com.sec.imsservice/com.sec.internal.ims.imsservice.ImsIntentReceiver}
[REDACTED_PATH]	4246			12-13 00	14	22.665 E/CarrierSignalAgent( 3997)	 [1]Carrier signal receivers are configured but unavailable	 ComponentInfo{com.sec.android.app.setupwizard/com.samsung.vzw.activationagent.receiver.PcoBroadcastReceiver}
[REDACTED_PATH]	4249			12-13 00	14	22.667 D/CarrierSignalAgent( 3997)	 [1]Sending signal android.telephony.action.CARRIER_SIGNAL_PCO_VALUE to the carrier signal receiver	 ComponentInfo{com.samsung.android.app.telephonyui/com.samsung.android.app.telephonyui.netsettings.ui.simcardmanager.PcoValueReceiver}
[REDACTED_PATH]	4255			12-13 00	14	22.668 D/CarrierSignalAgent( 3997)	 [1]Sending signal android.telephony.action.CARRIER_SIGNAL_PCO_VALUE to the carrier signal receiver	 ComponentInfo{com.sec.imsservice/com.sec.internal.ims.imsservice.ImsIntentReceiver}
[REDACTED_PATH]	4259			12-13 00	14	22.669 E/CarrierSignalAgent( 3997)	 [1]Carrier signal receivers are configured but unavailable	 ComponentInfo{com.sec.android.app.setupwizard/com.samsung.vzw.activationagent.receiver.PcoBroadcastReceiver}
[REDACTED_PATH]	4260			12-13 00	14	22.670 D/CarrierSignalAgent( 3997)	 [1]Sending signal android.telephony.action.CARRIER_SIGNAL_PCO_VALUE to the carrier signal receiver	 ComponentInfo{com.samsung.android.app.telephonyui/com.samsung.android.app.telephonyui.netsettings.ui.simcardmanager.PcoValueReceiver}
[REDACTED_PATH]	4261			12-13 00	14	22.671 D/CarrierSignalAgent( 3997)	 [1]Sending signal android.telephony.action.CARRIER_SIGNAL_PCO_VALUE to the carrier signal receiver	 ComponentInfo{com.sec.imsservice/com.sec.internal.ims.imsservice.ImsIntentReceiver}
[REDACTED_PATH]	4262			12-13 00	14	22.671 E/CarrierSignalAgent( 3997)	 [1]Carrier signal receivers are configured but unavailable	 ComponentInfo{com.sec.android.app.setupwizard/com.samsung.vzw.activationagent.receiver.PcoBroadcastReceiver}
[REDACTED_PATH]	6750			12-13 00	26	28.188 D/CarrierSignalAgent( 3997)	 [1]Sending signal android.telephony.action.CARRIER_SIGNAL_PCO_VALUE to the carrier signal receiver	 ComponentInfo{com.samsung.android.app.telephonyui/com.samsung.android.app.telephonyui.netsettings.ui.simcardmanager.PcoValueReceiver}
[REDACTED_PATH]	6753			12-13 00	26	28.190 D/CarrierSignalAgent( 3997)	 [1]Sending signal android.telephony.action.CARRIER_SIGNAL_PCO_VALUE to the carrier signal receiver	 ComponentInfo{com.sec.imsservice/com.sec.internal.ims.imsservice.ImsIntentReceiver}
[REDACTED_PATH]	6754			12-13 00	26	28.190 E/CarrierSignalAgent( 3997)	 [1]Carrier signal receivers are configured but unavailable	 ComponentInfo{com.sec.android.app.setupwizard/com.samsung.vzw.activationagent.receiver.PcoBroadcastReceiver}
[REDACTED_PATH]	6755			12-13 00	26	28.191 D/CarrierSignalAgent( 3997)	 [1]Sending signal android.telephony.action.CARRIER_SIGNAL_PCO_VALUE to the carrier signal receiver	 ComponentInfo{com.samsung.android.app.telephonyui/com.samsung.android.app.telephonyui.netsettings.ui.simcardmanager.PcoValueReceiver}
[REDACTED_PATH]	6759			12-13 00	26	28.193 D/CarrierSignalAgent( 3997)	 [1]Sending signal android.telephony.action.CARRIER_SIGNAL_PCO_VALUE to the carrier signal receiver	 ComponentInfo{com.sec.imsservice/com.sec.internal.ims.imsservice.ImsIntentReceiver}
[REDACTED_PATH]	6760			12-13 00	26	28.193 E/CarrierSignalAgent( 3997)	 [1]Carrier signal receivers are configured but unavailable	 ComponentInfo{com.sec.android.app.setupwizard/com.samsung.vzw.activationagent.receiver.PcoBroadcastReceiver}
[REDACTED_PATH]	6761			12-13 00	26	28.193 D/CarrierSignalAgent( 3997)	 [1]Sending signal android.telephony.action.CARRIER_SIGNAL_PCO_VALUE to the carrier signal receiver	 ComponentInfo{com.samsung.android.app.telephonyui/com.samsung.android.app.telephonyui.netsettings.ui.simcardmanager.PcoValueReceiver}
[REDACTED_PATH]	6763			12-13 00	26	28.194 D/CarrierSignalAgent( 3997)	 [1]Sending signal android.telephony.action.CARRIER_SIGNAL_PCO_VALUE to the carrier signal receiver	 ComponentInfo{com.sec.imsservice/com.sec.internal.ims.imsservice.ImsIntentReceiver}
[REDACTED_PATH]	6780			12-13 00	26	28.198 E/CarrierSignalAgent( 3997)	 [1]Carrier signal receivers are configured but unavailable	 ComponentInfo{com.sec.android.app.setupwizard/com.samsung.vzw.activationagent.receiver.PcoBroadcastReceiver}
[REDACTED_PATH]	6781			12-13 00	26	28.198 D/CarrierSignalAgent( 3997)	 [1]Sending signal android.telephony.action.CARRIER_SIGNAL_PCO_VALUE to the carrier signal receiver	 ComponentInfo{com.samsung.android.app.telephonyui/com.samsung.android.app.telephonyui.netsettings.ui.simcardmanager.PcoValueReceiver}
[REDACTED_PATH]	6783			12-13 00	26	28.199 D/CarrierSignalAgent( 3997)	 [1]Sending signal android.telephony.action.CARRIER_SIGNAL_PCO_VALUE to the carrier signal receiver	 ComponentInfo{com.sec.imsservice/com.sec.internal.ims.imsservice.ImsIntentReceiver}
[REDACTED_PATH]	6784			12-13 00	26	28.199 E/CarrierSignalAgent( 3997)	 [1]Carrier signal receivers are configured but unavailable	 ComponentInfo{com.sec.android.app.setupwizard/com.samsung.vzw.activationagent.receiver.PcoBroadcastReceiver}
[REDACTED_PATH]	8714			12-13 00	37	24.953 D/CarrierSignalAgent( 3997)	 [1]Sending signal android.telephony.action.CARRIER_SIGNAL_PCO_VALUE to the carrier signal receiver	 ComponentInfo{com.samsung.android.app.telephonyui/com.samsung.android.app.telephonyui.netsettings.ui.simcardmanager.PcoValueReceiver}
[REDACTED_PATH]	8715			12-13 00	37	24.958 D/CarrierSignalAgent( 3997)	 [1]Sending signal android.telephony.action.CARRIER_SIGNAL_PCO_VALUE to the carrier signal receiver	 ComponentInfo{com.sec.imsservice/com.sec.internal.ims.imsservice.ImsIntentReceiver}
[REDACTED_PATH]	8716			12-13 00	37	24.959 E/CarrierSignalAgent( 3997)	 [1]Carrier signal receivers are configured but unavailable	 ComponentInfo{com.sec.android.app.setupwizard/com.samsung.vzw.activationagent.receiver.PcoBroadcastReceiver}
[REDACTED_PATH]	8717			12-13 00	37	24.962 D/CarrierSignalAgent( 3997)	 [1]Sending signal android.telephony.action.CARRIER_SIGNAL_PCO_VALUE to the carrier signal receiver	 ComponentInfo{com.samsung.android.app.telephonyui/com.samsung.android.app.telephonyui.netsettings.ui.simcardmanager.PcoValueReceiver}
[REDACTED_PATH]	8718			12-13 00	37	24.963 D/CarrierSignalAgent( 3997)	 [1]Sending signal android.telephony.action.CARRIER_SIGNAL_PCO_VALUE to the carrier signal receiver	 ComponentInfo{com.sec.imsservice/com.sec.internal.ims.imsservice.ImsIntentReceiver}
[REDACTED_PATH]	8719			12-13 00	37	24.964 E/CarrierSignalAgent( 3997)	 [1]Carrier signal receivers are configured but unavailable	 ComponentInfo{com.sec.android.app.setupwizard/com.samsung.vzw.activationagent.receiver.PcoBroadcastReceiver}
[REDACTED_PATH]	8720			12-13 00	37	24.965 D/CarrierSignalAgent( 3997)	 [1]Sending signal android.telephony.action.CARRIER_SIGNAL_PCO_VALUE to the carrier signal receiver	 ComponentInfo{com.samsung.android.app.telephonyui/com.samsung.android.app.telephonyui.netsettings.ui.simcardmanager.PcoValueReceiver}
[REDACTED_PATH]	8730			12-13 00	37	24.967 D/CarrierSignalAgent( 3997)	 [1]Sending signal android.telephony.action.CARRIER_SIGNAL_PCO_VALUE to the carrier signal receiver	 ComponentInfo{com.sec.imsservice/com.sec.internal.ims.imsservice.ImsIntentReceiver}
[REDACTED_PATH]	8733			12-13 00	37	24.968 E/CarrierSignalAgent( 3997)	 [1]Carrier signal receivers are configured but unavailable	 ComponentInfo{com.sec.android.app.setupwizard/com.samsung.vzw.activationagent.receiver.PcoBroadcastReceiver}
[REDACTED_PATH]	8737			12-13 00	37	24.970 D/CarrierSignalAgent( 3997)	 [1]Sending signal android.telephony.action.CARRIER_SIGNAL_PCO_VALUE to the carrier signal receiver	 ComponentInfo{com.samsung.android.app.telephonyui/com.samsung.android.app.telephonyui.netsettings.ui.simcardmanager.PcoValueReceiver}
[REDACTED_PATH]	8745			12-13 00	37	24.973 D/CarrierSignalAgent( 3997)	 [1]Sending signal android.telephony.action.CARRIER_SIGNAL_PCO_VALUE to the carrier signal receiver	 ComponentInfo{com.sec.imsservice/com.sec.internal.ims.imsservice.ImsIntentReceiver}
[REDACTED_PATH]	8746			12-13 00	37	24.974 E/CarrierSignalAgent( 3997)	 [1]Carrier signal receivers are configured but unavailable	 ComponentInfo{com.sec.android.app.setupwizard/com.samsung.vzw.activationagent.receiver.PcoBroadcastReceiver}
[REDACTED_PATH]	9370			12-13 00	37	53.765 D/CarrierSignalAgent( 3997)	 [1]Sending signal android.telephony.action.CARRIER_SIGNAL_PCO_VALUE to the carrier signal receiver	 ComponentInfo{com.samsung.android.app.telephonyui/com.samsung.android.app.telephonyui.netsettings.ui.simcardmanager.PcoValueReceiver}
[REDACTED_PATH]	9376			12-13 00	37	53.771 D/CarrierSignalAgent( 3997)	 [1]Sending signal android.telephony.action.CARRIER_SIGNAL_PCO_VALUE to the carrier signal receiver	 ComponentInfo{com.sec.imsservice/com.sec.internal.ims.imsservice.ImsIntentReceiver}
[REDACTED_PATH]	9377			12-13 00	37	53.771 E/CarrierSignalAgent( 3997)	 [1]Carrier signal receivers are configured but unavailable	 ComponentInfo{com.sec.android.app.setupwizard/com.samsung.vzw.activationagent.receiver.PcoBroadcastReceiver}
[REDACTED_PATH]	9387			12-13 00	37	53.779 D/CarrierSignalAgent( 3997)	 [1]Sending signal android.telephony.action.CARRIER_SIGNAL_PCO_VALUE to the carrier signal receiver	 ComponentInfo{com.samsung.android.app.telephonyui/com.samsung.android.app.telephonyui.netsettings.ui.simcardmanager.PcoValueReceiver}
[REDACTED_PATH]	9388			12-13 00	37	53.780 D/CarrierSignalAgent( 3997)	 [1]Sending signal android.telephony.action.CARRIER_SIGNAL_PCO_VALUE to the carrier signal receiver	 ComponentInfo{com.sec.imsservice/com.sec.internal.ims.imsservice.ImsIntentReceiver}
[REDACTED_PATH]	9389			12-13 00	37	53.780 E/CarrierSignalAgent( 3997)	 [1]Carrier signal receivers are configured but unavailable	 ComponentInfo{com.sec.android.app.setupwizard/com.samsung.vzw.activationagent.receiver.PcoBroadcastReceiver}
[REDACTED_PATH]	13512			12-13 01	08	07.557 D/CarrierSignalAgent( 3997)	 [1]Sending signal android.telephony.action.CARRIER_SIGNAL_PCO_VALUE to the carrier signal receiver	 ComponentInfo{com.samsung.android.app.telephonyui/com.samsung.android.app.telephonyui.netsettings.ui.simcardmanager.PcoValueReceiver}
[REDACTED_PATH]	13513			12-13 01	08	07.562 D/CarrierSignalAgent( 3997)	 [1]Sending signal android.telephony.action.CARRIER_SIGNAL_PCO_VALUE to the carrier signal receiver	 ComponentInfo{com.sec.imsservice/com.sec.internal.ims.imsservice.ImsIntentReceiver}
[REDACTED_PATH]	13514			12-13 01	08	07.562 E/CarrierSignalAgent( 3997)	 [1]Carrier signal receivers are configured but unavailable	 ComponentInfo{com.sec.android.app.setupwizard/com.samsung.vzw.activationagent.receiver.PcoBroadcastReceiver}
[REDACTED_PATH]	13515			12-13 01	08	07.564 D/CarrierSignalAgent( 3997)	 [1]Sending signal android.telephony.action.CARRIER_SIGNAL_PCO_VALUE to the carrier signal receiver	 ComponentInfo{com.samsung.android.app.telephonyui/com.samsung.android.app.telephonyui.netsettings.ui.simcardmanager.PcoValueReceiver}
[REDACTED_PATH]	13516			12-13 01	08	07.568 D/CarrierSignalAgent( 3997)	 [1]Sending signal android.telephony.action.CARRIER_SIGNAL_PCO_VALUE to the carrier signal receiver	 ComponentInfo{com.sec.imsservice/com.sec.internal.ims.imsservice.ImsIntentReceiver}
[REDACTED_PATH]	13517			12-13 01	08	07.568 E/CarrierSignalAgent( 3997)	 [1]Carrier signal receivers are configured but unavailable	 ComponentInfo{com.sec.android.app.setupwizard/com.samsung.vzw.activationagent.receiver.PcoBroadcastReceiver}
[REDACTED_PATH]	1299			12-21 16	42	23.581  3984  3984 D CarrierSignalAgent	 [1]Sending signal android.telephony.action.CARRIER_SIGNAL_PCO_VALUE to the carrier signal receiver	 ComponentInfo{com.sec.imsservice/com.sec.internal.ims.imsservice.ImsIntentReceiver}
[REDACTED_PATH]	1300			12-21 16	42	23.586  3984  3984 D CarrierSignalAgent	 [1]Sending signal android.telephony.action.CARRIER_SIGNAL_PCO_VALUE to the carrier signal receiver	 ComponentInfo{com.sec.imsservice/com.sec.internal.ims.imsservice.ImsIntentReceiver}
[REDACTED_PATH]	1301			12-21 16	42	23.588  3984  3984 D CarrierSignalAgent	 [1]Sending signal android.telephony.action.CARRIER_SIGNAL_PCO_VALUE to the carrier signal receiver	 ComponentInfo{com.sec.imsservice/com.sec.internal.ims.imsservice.ImsIntentReceiver}
[REDACTED_PATH]	1302			12-21 16	42	23.589  3984  3984 D CarrierSignalAgent	 [1]Sending signal android.telephony.action.CARRIER_SIGNAL_PCO_VALUE to the carrier signal receiver	 ComponentInfo{com.sec.imsservice/com.sec.internal.ims.imsservice.ImsIntentReceiver}
[REDACTED_PATH]	2514			12-21 16	46	53.264  3984  3984 D CarrierSignalAgent	 [1]Sending signal android.telephony.action.CARRIER_SIGNAL_PCO_VALUE to the carrier signal receiver	 ComponentInfo{com.sec.imsservice/com.sec.internal.ims.imsservice.ImsIntentReceiver}
[REDACTED_PATH]	2515			12-21 16	46	53.274  3984  3984 D CarrierSignalAgent	 [1]Sending signal android.telephony.action.CARRIER_SIGNAL_PCO_VALUE to the carrier signal receiver	 ComponentInfo{com.sec.imsservice/com.sec.internal.ims.imsservice.ImsIntentReceiver}
[REDACTED_PATH]	2516			12-21 16	46	53.275  3984  3984 D CarrierSignalAgent	 [1]Sending signal android.telephony.action.CARRIER_SIGNAL_PCO_VALUE to the carrier signal receiver	 ComponentInfo{com.sec.imsservice/com.sec.internal.ims.imsservice.ImsIntentReceiver}
[REDACTED_PATH]	2517			12-21 16	46	53.277  3984  3984 D CarrierSignalAgent	 [1]Sending signal android.telephony.action.CARRIER_SIGNAL_PCO_VALUE to the carrier signal receiver	 ComponentInfo{com.sec.imsservice/com.sec.internal.ims.imsservice.ImsIntentReceiver}
[REDACTED_PATH]	120668			12-07 10	36	15.130 14138 14138 I NU.PcoValueReceiver	 onReceive() ACTION_CARRIER_SIGNAL_PCO_VALUE is received. Start update state
[REDACTED_PATH]	120717			12-07 10	36	15.140 14138 14138 I NU.PcoValueReceiver	 onReceive() ACTION_CARRIER_SIGNAL_PCO_VALUE is received. Start update state
[REDACTED_PATH]	120825			12-07 10	36	15.146 14138 14138 I NU.PcoValueReceiver	 onReceive() ACTION_CARRIER_SIGNAL_PCO_VALUE is received. Start update state
[REDACTED_PATH]	120855			12-07 10	36	15.153 14138 14138 I NU.PcoValueReceiver	 onReceive() ACTION_CARRIER_SIGNAL_PCO_VALUE is received. Start update state
[REDACTED_PATH]	285695			12-07 10	55	39.081 14138 14138 I NU.PcoValueReceiver	 onReceive() ACTION_CARRIER_SIGNAL_PCO_VALUE is received. Start update state
[REDACTED_PATH]	285709			12-07 10	55	39.087 14138 14138 I NU.PcoValueReceiver	 onReceive() ACTION_CARRIER_SIGNAL_PCO_VALUE is received. Start update state
[REDACTED_PATH]	286784			12-07 10	55	39.804 14138 14138 I NU.PcoValueReceiver	 onReceive() ACTION_CARRIER_SIGNAL_PCO_VALUE is received. Start update state
[REDACTED_PATH]	286791			12-07 10	55	39.806 14138 14138 I NU.PcoValueReceiver	 onReceive() ACTION_CARRIER_SIGNAL_PCO_VALUE is received. Start update state
[REDACTED_PATH]	286799			12-07 10	55	39.809 14138 14138 I NU.PcoValueReceiver	 onReceive() ACTION_CARRIER_SIGNAL_PCO_VALUE is received. Start update state
[REDACTED_PATH]	286809			12-07 10	55	39.811 14138 14138 I NU.PcoValueReceiver	 onReceive() ACTION_CARRIER_SIGNAL_PCO_VALUE is received. Start update state
[REDACTED_PATH]	300549			12-07 10	55	48.259 14138 14138 I NU.PcoValueReceiver	 onReceive() ACTION_CARRIER_SIGNAL_PCO_VALUE is received. Start update state
[REDACTED_PATH]	300572			12-07 10	55	48.263 14138 14138 I NU.PcoValueReceiver	 onReceive() ACTION_CARRIER_SIGNAL_PCO_VALUE is received. Start update state
[REDACTED_PATH]	300602			12-07 10	55	48.277 14138 14138 I NU.PcoValueReceiver	 onReceive() ACTION_CARRIER_SIGNAL_PCO_VALUE is received. Start update state
[REDACTED_PATH]	300616			12-07 10	55	48.280 14138 14138 I NU.PcoValueReceiver	 onReceive() ACTION_CARRIER_SIGNAL_PCO_VALUE is received. Start update state
[REDACTED_PATH]	320371			12-07 10	56	15.989 14138 14138 I NU.PcoValueReceiver	 onReceive() ACTION_CARRIER_SIGNAL_PCO_VALUE is received. Start update state
[REDACTED_PATH]	320382			12-07 10	56	15.991 14138 14138 I NU.PcoValueReceiver	 onReceive() ACTION_CARRIER_SIGNAL_PCO_VALUE is received. Start update state
[REDACTED_PATH]	321653			12-07 10	56	16.716 14138 14138 I NU.PcoValueReceiver	 onReceive() ACTION_CARRIER_SIGNAL_PCO_VALUE is received. Start update state
[REDACTED_PATH]	321702			12-07 10	56	16.722 14138 14138 I NU.PcoValueReceiver	 onReceive() ACTION_CARRIER_SIGNAL_PCO_VALUE is received. Start update state
[REDACTED_PATH]	321935			12-07 10	56	16.735 14138 14138 I NU.PcoValueReceiver	 onReceive() ACTION_CARRIER_SIGNAL_PCO_VALUE is received. Start update state
[REDACTED_PATH]	322008			12-07 10	56	16.744 14138 14138 I NU.PcoValueReceiver	 onReceive() ACTION_CARRIER_SIGNAL_PCO_VALUE is received. Start update state
[REDACTED_PATH]	360234			12-07 10	57	03.128 14138 14138 I NU.PcoValueReceiver	 onReceive() ACTION_CARRIER_SIGNAL_PCO_VALUE is received. Start update state
[REDACTED_PATH]	360248			12-07 10	57	03.130 14138 14138 I NU.PcoValueReceiver	 onReceive() ACTION_CARRIER_SIGNAL_PCO_VALUE is received. Start update state
[REDACTED_PATH]	360463			12-07 10	57	03.150 14138 14138 I NU.PcoValueReceiver	 onReceive() ACTION_CARRIER_SIGNAL_PCO_VALUE is received. Start update state
[REDACTED_PATH]	360489			12-07 10	57	03.151 14138 14138 I NU.PcoValueReceiver	 onReceive() ACTION_CARRIER_SIGNAL_PCO_VALUE is received. Start update state
[REDACTED_PATH]	362656			12-07 10	57	06.232 14138 14138 I NU.PcoValueReceiver	 onReceive() ACTION_CARRIER_SIGNAL_PCO_VALUE is received. Start update state
[REDACTED_PATH]	362674			12-07 10	57	06.234 14138 14138 I NU.PcoValueReceiver	 onReceive() ACTION_CARRIER_SIGNAL_PCO_VALUE is received. Start update state
[REDACTED_PATH]	2146			12-13 01	08	07.610 I/NU.PcoValueReceiver(31442)	 onReceive() ACTION_CARRIER_SIGNAL_PCO_VALUE is received. Start update state
[REDACTED_PATH]	2148			12-13 01	08	07.628 I/NU.PcoValueReceiver(31442)	 onReceive() ACTION_CARRIER_SIGNAL_PCO_VALUE is received. Start update state
[REDACTED_PATH]	559			12-13 01	08	07.557 D/CarrierSignalAgent( 3997)	 [1]Sending signal android.telephony.action.CARRIER_SIGNAL_PCO_VALUE to the carrier signal receiver	 ComponentInfo{com.samsung.android.app.telephonyui/com.samsung.android.app.telephonyui.netsettings.ui.simcardmanager.PcoValueReceiver}
[REDACTED_PATH]	560			12-13 01	08	07.562 D/CarrierSignalAgent( 3997)	 [1]Sending signal android.telephony.action.CARRIER_SIGNAL_PCO_VALUE to the carrier signal receiver	 ComponentInfo{com.sec.imsservice/com.sec.internal.ims.imsservice.ImsIntentReceiver}
[REDACTED_PATH]	561			12-13 01	08	07.564 D/CarrierSignalAgent( 3997)	 [1]Sending signal android.telephony.action.CARRIER_SIGNAL_PCO_VALUE to the carrier signal receiver	 ComponentInfo{com.samsung.android.app.telephonyui/com.samsung.android.app.telephonyui.netsettings.ui.simcardmanager.PcoValueReceiver}
[REDACTED_PATH]	562			12-13 01	08	07.568 D/CarrierSignalAgent( 3997)	 [1]Sending signal android.telephony.action.CARRIER_SIGNAL_PCO_VALUE to the carrier signal receiver	 ComponentInfo{com.sec.imsservice/com.sec.internal.ims.imsservice.ImsIntentReceiver}
[REDACTED_PATH] (1).txt	12015			12-03 17	59	33.181  3888  3888 D CarrierSignalAgent	 [1]Sending signal android.telephony.action.CARRIER_SIGNAL_PCO_VALUE to the carrier signal receiver	 ComponentInfo{com.samsung.android.app.telephonyui/com.samsung.android.app.telephonyui.netsettings.ui.simcardmanager.PcoValueReceiver}
[REDACTED_PATH] (1).txt	12017			12-03 17	59	33.188  3888  3888 D CarrierSignalAgent	 [1]Sending signal android.telephony.action.CARRIER_SIGNAL_PCO_VALUE to the carrier signal receiver	 ComponentInfo{com.sec.imsservice/com.sec.internal.ims.imsservice.ImsIntentReceiver}
[REDACTED_PATH] (1).txt	12018			12-03 17	59	33.188  3888  3888 E CarrierSignalAgent	 [1]Carrier signal receivers are configured but unavailable	 ComponentInfo{com.sec.android.app.setupwizard/com.samsung.vzw.activationagent.receiver.PcoBroadcastReceiver}
[REDACTED_PATH] (1).txt	12019			12-03 17	59	33.190  3888  3888 D CarrierSignalAgent	 [1]Sending signal android.telephony.action.CARRIER_SIGNAL_PCO_VALUE to the carrier signal receiver	 ComponentInfo{com.samsung.android.app.telephonyui/com.samsung.android.app.telephonyui.netsettings.ui.simcardmanager.PcoValueReceiver}
[REDACTED_PATH] (1).txt	12020			12-03 17	59	33.191  3888  3888 D CarrierSignalAgent	 [1]Sending signal android.telephony.action.CARRIER_SIGNAL_PCO_VALUE to the carrier signal receiver	 ComponentInfo{com.sec.imsservice/com.sec.internal.ims.imsservice.ImsIntentReceiver}
[REDACTED_PATH] (1).txt	12021			12-03 17	59	33.191  3888  3888 E CarrierSignalAgent	 [1]Carrier signal receivers are configured but unavailable	 ComponentInfo{com.sec.android.app.setupwizard/com.samsung.vzw.activationagent.receiver.PcoBroadcastReceiver}
[REDACTED_PATH] (1).txt	12022			12-03 17	59	33.193  3888  3888 D CarrierSignalAgent	 [1]Sending signal android.telephony.action.CARRIER_SIGNAL_PCO_VALUE to the carrier signal receiver	 ComponentInfo{com.samsung.android.app.telephonyui/com.samsung.android.app.telephonyui.netsettings.ui.simcardmanager.PcoValueReceiver}
[REDACTED_PATH] (1).txt	12023			12-03 17	59	33.193  3888  3888 D CarrierSignalAgent	 [1]Sending signal android.telephony.action.CARRIER_SIGNAL_PCO_VALUE to the carrier signal receiver	 ComponentInfo{com.sec.imsservice/com.sec.internal.ims.imsservice.ImsIntentReceiver}
[REDACTED_PATH] (1).txt	12024			12-03 17	59	33.194  3888  3888 E CarrierSignalAgent	 [1]Carrier signal receivers are configured but unavailable	 ComponentInfo{com.sec.android.app.setupwizard/com.samsung.vzw.activationagent.receiver.PcoBroadcastReceiver}
[REDACTED_PATH] (1).txt	12025			12-03 17	59	33.195  3888  3888 D CarrierSignalAgent	 [1]Sending signal android.telephony.action.CARRIER_SIGNAL_PCO_VALUE to the carrier signal receiver	 ComponentInfo{com.samsung.android.app.telephonyui/com.samsung.android.app.telephonyui.netsettings.ui.simcardmanager.PcoValueReceiver}
[REDACTED_PATH] (1).txt	12026			12-03 17	59	33.197  3888  3888 D CarrierSignalAgent	 [1]Sending signal android.telephony.action.CARRIER_SIGNAL_PCO_VALUE to the carrier signal receiver	 ComponentInfo{com.sec.imsservice/com.sec.internal.ims.imsservice.ImsIntentReceiver}
[REDACTED_PATH] (1).txt	12027			12-03 17	59	33.197  3888  3888 E CarrierSignalAgent	 [1]Carrier signal receivers are configured but unavailable	 ComponentInfo{com.sec.android.app.setupwizard/com.samsung.vzw.activationagent.receiver.PcoBroadcastReceiver}
[REDACTED_PATH]	15357			12-03 17	59	33.181  3888  3888 D CarrierSignalAgent	 [1]Sending signal android.telephony.action.CARRIER_SIGNAL_PCO_VALUE to the carrier signal receiver	 ComponentInfo{com.samsung.android.app.telephonyui/com.samsung.android.app.telephonyui.netsettings.ui.simcardmanager.PcoValueReceiver}
[REDACTED_PATH]	15359			12-03 17	59	33.188  3888  3888 D CarrierSignalAgent	 [1]Sending signal android.telephony.action.CARRIER_SIGNAL_PCO_VALUE to the carrier signal receiver	 ComponentInfo{com.sec.imsservice/com.sec.internal.ims.imsservice.ImsIntentReceiver}
[REDACTED_PATH]	15360			12-03 17	59	33.188  3888  3888 E CarrierSignalAgent	 [1]Carrier signal receivers are configured but unavailable	 ComponentInfo{com.sec.android.app.setupwizard/com.samsung.vzw.activationagent.receiver.PcoBroadcastReceiver}
[REDACTED_PATH]	15361			12-03 17	59	33.190  3888  3888 D CarrierSignalAgent	 [1]Sending signal android.telephony.action.CARRIER_SIGNAL_PCO_VALUE to the carrier signal receiver	 ComponentInfo{com.samsung.android.app.telephonyui/com.samsung.android.app.telephonyui.netsettings.ui.simcardmanager.PcoValueReceiver}
[REDACTED_PATH]	15362			12-03 17	59	33.191  3888  3888 D CarrierSignalAgent	 [1]Sending signal android.telephony.action.CARRIER_SIGNAL_PCO_VALUE to the carrier signal receiver	 ComponentInfo{com.sec.imsservice/com.sec.internal.ims.imsservice.ImsIntentReceiver}
[REDACTED_PATH]	15363			12-03 17	59	33.191  3888  3888 E CarrierSignalAgent	 [1]Carrier signal receivers are configured but unavailable	 ComponentInfo{com.sec.android.app.setupwizard/com.samsung.vzw.activationagent.receiver.PcoBroadcastReceiver}
[REDACTED_PATH]	15364			12-03 17	59	33.193  3888  3888 D CarrierSignalAgent	 [1]Sending signal android.telephony.action.CARRIER_SIGNAL_PCO_VALUE to the carrier signal receiver	 ComponentInfo{com.samsung.android.app.telephonyui/com.samsung.android.app.telephonyui.netsettings.ui.simcardmanager.PcoValueReceiver}
[REDACTED_PATH]	15365			12-03 17	59	33.193  3888  3888 D CarrierSignalAgent	 [1]Sending signal android.telephony.action.CARRIER_SIGNAL_PCO_VALUE to the carrier signal receiver	 ComponentInfo{com.sec.imsservice/com.sec.internal.ims.imsservice.ImsIntentReceiver}
[REDACTED_PATH]	15366			12-03 17	59	33.194  3888  3888 E CarrierSignalAgent	 [1]Carrier signal receivers are configured but unavailable	 ComponentInfo{com.sec.android.app.setupwizard/com.samsung.vzw.activationagent.receiver.PcoBroadcastReceiver}
[REDACTED_PATH]	15367			12-03 17	59	33.195  3888  3888 D CarrierSignalAgent	 [1]Sending signal android.telephony.action.CARRIER_SIGNAL_PCO_VALUE to the carrier signal receiver	 ComponentInfo{com.samsung.android.app.telephonyui/com.samsung.android.app.telephonyui.netsettings.ui.simcardmanager.PcoValueReceiver}
[REDACTED_PATH]	15368			12-03 17	59	33.197  3888  3888 D CarrierSignalAgent	 [1]Sending signal android.telephony.action.CARRIER_SIGNAL_PCO_VALUE to the carrier signal receiver	 ComponentInfo{com.sec.imsservice/com.sec.internal.ims.imsservice.ImsIntentReceiver}
[REDACTED_PATH]	15369			12-03 17	59	33.197  3888  3888 E CarrierSignalAgent	 [1]Carrier signal receivers are configured but unavailable	 ComponentInfo{com.sec.android.app.setupwizard/com.samsung.vzw.activationagent.receiver.PcoBroadcastReceiver}
[REDACTED_PATH]	3564			12-21 16	42	23.572  3984  3984 D CarrierSignalAgent	 [1]Sending signal android.telephony.action.CARRIER_SIGNAL_PCO_VALUE to the carrier signal receiver	 ComponentInfo{com.samsung.android.app.telephonyui/com.samsung.android.app.telephonyui.netsettings.ui.simcardmanager.PcoValueReceiver}
[REDACTED_PATH]	3597			12-21 16	42	23.581  3984  3984 D CarrierSignalAgent	 [1]Sending signal android.telephony.action.CARRIER_SIGNAL_PCO_VALUE to the carrier signal receiver	 ComponentInfo{com.sec.imsservice/com.sec.internal.ims.imsservice.ImsIntentReceiver}
[REDACTED_PATH]	3598			12-21 16	42	23.582  3984  3984 E CarrierSignalAgent	 [1]Carrier signal receivers are configured but unavailable	 ComponentInfo{com.sec.android.app.setupwizard/com.samsung.vzw.activationagent.receiver.PcoBroadcastReceiver}
[REDACTED_PATH]	3599			12-21 16	42	23.586  3984  3984 D CarrierSignalAgent	 [1]Sending signal android.telephony.action.CARRIER_SIGNAL_PCO_VALUE to the carrier signal receiver	 ComponentInfo{com.samsung.android.app.telephonyui/com.samsung.android.app.telephonyui.netsettings.ui.simcardmanager.PcoValueReceiver}
[REDACTED_PATH]	3600			12-21 16	42	23.586  3984  3984 D CarrierSignalAgent	 [1]Sending signal android.telephony.action.CARRIER_SIGNAL_PCO_VALUE to the carrier signal receiver	 ComponentInfo{com.sec.imsservice/com.sec.internal.ims.imsservice.ImsIntentReceiver}
[REDACTED_PATH]	3601			12-21 16	42	23.586  3984  3984 E CarrierSignalAgent	 [1]Carrier signal receivers are configured but unavailable	 ComponentInfo{com.sec.android.app.setupwizard/com.samsung.vzw.activationagent.receiver.PcoBroadcastReceiver}
[REDACTED_PATH]	3602			12-21 16	42	23.587  3984  3984 D CarrierSignalAgent	 [1]Sending signal android.telephony.action.CARRIER_SIGNAL_PCO_VALUE to the carrier signal receiver	 ComponentInfo{com.samsung.android.app.telephonyui/com.samsung.android.app.telephonyui.netsettings.ui.simcardmanager.PcoValueReceiver}
[REDACTED_PATH]	3603			12-21 16	42	23.588  3984  3984 D CarrierSignalAgent	 [1]Sending signal android.telephony.action.CARRIER_SIGNAL_PCO_VALUE to the carrier signal receiver	 ComponentInfo{com.sec.imsservice/com.sec.internal.ims.imsservice.ImsIntentReceiver}
[REDACTED_PATH]	3604			12-21 16	42	23.588  3984  3984 E CarrierSignalAgent	 [1]Carrier signal receivers are configured but unavailable	 ComponentInfo{com.sec.android.app.setupwizard/com.samsung.vzw.activationagent.receiver.PcoBroadcastReceiver}
[REDACTED_PATH]	3605			12-21 16	42	23.588  3984  3984 D CarrierSignalAgent	 [1]Sending signal android.telephony.action.CARRIER_SIGNAL_PCO_VALUE to the carrier signal receiver	 ComponentInfo{com.samsung.android.app.telephonyui/com.samsung.android.app.telephonyui.netsettings.ui.simcardmanager.PcoValueReceiver}
[REDACTED_PATH]	3606			12-21 16	42	23.589  3984  3984 D CarrierSignalAgent	 [1]Sending signal android.telephony.action.CARRIER_SIGNAL_PCO_VALUE to the carrier signal receiver	 ComponentInfo{com.sec.imsservice/com.sec.internal.ims.imsservice.ImsIntentReceiver}
[REDACTED_PATH]	3607			12-21 16	42	23.589  3984  3984 E CarrierSignalAgent	 [1]Carrier signal receivers are configured but unavailable	 ComponentInfo{com.sec.android.app.setupwizard/com.samsung.vzw.activationagent.receiver.PcoBroadcastReceiver}
[REDACTED_PATH]	8015			12-21 16	46	53.259  3984  3984 D CarrierSignalAgent	 [1]Sending signal android.telephony.action.CARRIER_SIGNAL_PCO_VALUE to the carrier signal receiver	 ComponentInfo{com.samsung.android.app.telephonyui/com.samsung.android.app.telephonyui.netsettings.ui.simcardmanager.PcoValueReceiver}
[REDACTED_PATH]	8021			12-21 16	46	53.264  3984  3984 D CarrierSignalAgent	 [1]Sending signal android.telephony.action.CARRIER_SIGNAL_PCO_VALUE to the carrier signal receiver	 ComponentInfo{com.sec.imsservice/com.sec.internal.ims.imsservice.ImsIntentReceiver}
[REDACTED_PATH]	8022			12-21 16	46	53.265  3984  3984 E CarrierSignalAgent	 [1]Carrier signal receivers are configured but unavailable	 ComponentInfo{com.sec.android.app.setupwizard/com.samsung.vzw.activationagent.receiver.PcoBroadcastReceiver}
[REDACTED_PATH]	8023			12-21 16	46	53.273  3984  3984 D CarrierSignalAgent	 [1]Sending signal android.telephony.action.CARRIER_SIGNAL_PCO_VALUE to the carrier signal receiver	 ComponentInfo{com.samsung.android.app.telephonyui/com.samsung.android.app.telephonyui.netsettings.ui.simcardmanager.PcoValueReceiver}
[REDACTED_PATH]	8024			12-21 16	46	53.274  3984  3984 D CarrierSignalAgent	 [1]Sending signal android.telephony.action.CARRIER_SIGNAL_PCO_VALUE to the carrier signal receiver	 ComponentInfo{com.sec.imsservice/com.sec.internal.ims.imsservice.ImsIntentReceiver}
[REDACTED_PATH]	8025			12-21 16	46	53.274  3984  3984 E CarrierSignalAgent	 [1]Carrier signal receivers are configured but unavailable	 ComponentInfo{com.sec.android.app.setupwizard/com.samsung.vzw.activationagent.receiver.PcoBroadcastReceiver}
[REDACTED_PATH]	8026			12-21 16	46	53.275  3984  3984 D CarrierSignalAgent	 [1]Sending signal android.telephony.action.CARRIER_SIGNAL_PCO_VALUE to the carrier signal receiver	 ComponentInfo{com.samsung.android.app.telephonyui/com.samsung.android.app.telephonyui.netsettings.ui.simcardmanager.PcoValueReceiver}
[REDACTED_PATH]	8027			12-21 16	46	53.275  3984  3984 D CarrierSignalAgent	 [1]Sending signal android.telephony.action.CARRIER_SIGNAL_PCO_VALUE to the carrier signal receiver	 ComponentInfo{com.sec.imsservice/com.sec.internal.ims.imsservice.ImsIntentReceiver}
[REDACTED_PATH]	8028			12-21 16	46	53.275  3984  3984 E CarrierSignalAgent	 [1]Carrier signal receivers are configured but unavailable	 ComponentInfo{com.sec.android.app.setupwizard/com.samsung.vzw.activationagent.receiver.PcoBroadcastReceiver}
[REDACTED_PATH]	8029			12-21 16	46	53.276  3984  3984 D CarrierSignalAgent	 [1]Sending signal android.telephony.action.CARRIER_SIGNAL_PCO_VALUE to the carrier signal receiver	 ComponentInfo{com.samsung.android.app.telephonyui/com.samsung.android.app.telephonyui.netsettings.ui.simcardmanager.PcoValueReceiver}
[REDACTED_PATH]	8030			12-21 16	46	53.277  3984  3984 D CarrierSignalAgent	 [1]Sending signal android.telephony.action.CARRIER_SIGNAL_PCO_VALUE to the carrier signal receiver	 ComponentInfo{com.sec.imsservice/com.sec.internal.ims.imsservice.ImsIntentReceiver}
[REDACTED_PATH]	8031			12-21 16	46	53.277  3984  3984 E CarrierSignalAgent	 [1]Carrier signal receivers are configured but unavailable	 ComponentInfo{com.sec.android.app.setupwizard/com.samsung.vzw.activationagent.receiver.PcoBroadcastReceiver}
[REDACTED_PATH]	12015			12-03 17	59	33.181  3888  3888 D CarrierSignalAgent	 [1]Sending signal android.telephony.action.CARRIER_SIGNAL_PCO_VALUE to the carrier signal receiver	 ComponentInfo{com.samsung.android.app.telephonyui/com.samsung.android.app.telephonyui.netsettings.ui.simcardmanager.PcoValueReceiver}
[REDACTED_PATH]	12017			12-03 17	59	33.188  3888  3888 D CarrierSignalAgent	 [1]Sending signal android.telephony.action.CARRIER_SIGNAL_PCO_VALUE to the carrier signal receiver	 ComponentInfo{com.sec.imsservice/com.sec.internal.ims.imsservice.ImsIntentReceiver}
[REDACTED_PATH]	12018			12-03 17	59	33.188  3888  3888 E CarrierSignalAgent	 [1]Carrier signal receivers are configured but unavailable	 ComponentInfo{com.sec.android.app.setupwizard/com.samsung.vzw.activationagent.receiver.PcoBroadcastReceiver}
[REDACTED_PATH]	12019			12-03 17	59	33.190  3888  3888 D CarrierSignalAgent	 [1]Sending signal android.telephony.action.CARRIER_SIGNAL_PCO_VALUE to the carrier signal receiver	 ComponentInfo{com.samsung.android.app.telephonyui/com.samsung.android.app.telephonyui.netsettings.ui.simcardmanager.PcoValueReceiver}
[REDACTED_PATH]	12020			12-03 17	59	33.191  3888  3888 D CarrierSignalAgent	 [1]Sending signal android.telephony.action.CARRIER_SIGNAL_PCO_VALUE to the carrier signal receiver	 ComponentInfo{com.sec.imsservice/com.sec.internal.ims.imsservice.ImsIntentReceiver}
[REDACTED_PATH]	12021			12-03 17	59	33.191  3888  3888 E CarrierSignalAgent	 [1]Carrier signal receivers are configured but unavailable	 ComponentInfo{com.sec.android.app.setupwizard/com.samsung.vzw.activationagent.receiver.PcoBroadcastReceiver}
[REDACTED_PATH]	12022			12-03 17	59	33.193  3888  3888 D CarrierSignalAgent	 [1]Sending signal android.telephony.action.CARRIER_SIGNAL_PCO_VALUE to the carrier signal receiver	 ComponentInfo{com.samsung.android.app.telephonyui/com.samsung.android.app.telephonyui.netsettings.ui.simcardmanager.PcoValueReceiver}
[REDACTED_PATH]	12023			12-03 17	59	33.193  3888  3888 D CarrierSignalAgent	 [1]Sending signal android.telephony.action.CARRIER_SIGNAL_PCO_VALUE to the carrier signal receiver	 ComponentInfo{com.sec.imsservice/com.sec.internal.ims.imsservice.ImsIntentReceiver}
[REDACTED_PATH]	12024			12-03 17	59	33.194  3888  3888 E CarrierSignalAgent	 [1]Carrier signal receivers are configured but unavailable	 ComponentInfo{com.sec.android.app.setupwizard/com.samsung.vzw.activationagent.receiver.PcoBroadcastReceiver}
[REDACTED_PATH]	12025			12-03 17	59	33.195  3888  3888 D CarrierSignalAgent	 [1]Sending signal android.telephony.action.CARRIER_SIGNAL_PCO_VALUE to the carrier signal receiver	 ComponentInfo{com.samsung.android.app.telephonyui/com.samsung.android.app.telephonyui.netsettings.ui.simcardmanager.PcoValueReceiver}
[REDACTED_PATH]	12026			12-03 17	59	33.197  3888  3888 D CarrierSignalAgent	 [1]Sending signal android.telephony.action.CARRIER_SIGNAL_PCO_VALUE to the carrier signal receiver	 ComponentInfo{com.sec.imsservice/com.sec.internal.ims.imsservice.ImsIntentReceiver}
[REDACTED_PATH]	12027			12-03 17	59	33.197  3888  3888 E CarrierSignalAgent	 [1]Carrier signal receivers are configured but unavailable	 ComponentInfo{com.sec.android.app.setupwizard/com.samsung.vzw.activationagent.receiver.PcoBroadcastReceiver}
[REDACTED_PATH]	12015			12-03 17	59	33.181  3888  3888 D CarrierSignalAgent	 [1]Sending signal android.telephony.action.CARRIER_SIGNAL_PCO_VALUE to the carrier signal receiver	 ComponentInfo{com.samsung.android.app.telephonyui/com.samsung.android.app.telephonyui.netsettings.ui.simcardmanager.PcoValueReceiver}
[REDACTED_PATH]	12017			12-03 17	59	33.188  3888  3888 D CarrierSignalAgent	 [1]Sending signal android.telephony.action.CARRIER_SIGNAL_PCO_VALUE to the carrier signal receiver	 ComponentInfo{com.sec.imsservice/com.sec.internal.ims.imsservice.ImsIntentReceiver}
[REDACTED_PATH]	12018			12-03 17	59	33.188  3888  3888 E CarrierSignalAgent	 [1]Carrier signal receivers are configured but unavailable	 ComponentInfo{com.sec.android.app.setupwizard/com.samsung.vzw.activationagent.receiver.PcoBroadcastReceiver}
[REDACTED_PATH]	12019			12-03 17	59	33.190  3888  3888 D CarrierSignalAgent	 [1]Sending signal android.telephony.action.CARRIER_SIGNAL_PCO_VALUE to the carrier signal receiver	 ComponentInfo{com.samsung.android.app.telephonyui/com.samsung.android.app.telephonyui.netsettings.ui.simcardmanager.PcoValueReceiver}
[REDACTED_PATH]	12020			12-03 17	59	33.191  3888  3888 D CarrierSignalAgent	 [1]Sending signal android.telephony.action.CARRIER_SIGNAL_PCO_VALUE to the carrier signal receiver	 ComponentInfo{com.sec.imsservice/com.sec.internal.ims.imsservice.ImsIntentReceiver}
[REDACTED_PATH]	12021			12-03 17	59	33.191  3888  3888 E CarrierSignalAgent	 [1]Carrier signal receivers are configured but unavailable	 ComponentInfo{com.sec.android.app.setupwizard/com.samsung.vzw.activationagent.receiver.PcoBroadcastReceiver}
[REDACTED_PATH]	12022			12-03 17	59	33.193  3888  3888 D CarrierSignalAgent	 [1]Sending signal android.telephony.action.CARRIER_SIGNAL_PCO_VALUE to the carrier signal receiver	 ComponentInfo{com.samsung.android.app.telephonyui/com.samsung.android.app.telephonyui.netsettings.ui.simcardmanager.PcoValueReceiver}
[REDACTED_PATH]	12023			12-03 17	59	33.193  3888  3888 D CarrierSignalAgent	 [1]Sending signal android.telephony.action.CARRIER_SIGNAL_PCO_VALUE to the carrier signal receiver	 ComponentInfo{com.sec.imsservice/com.sec.internal.ims.imsservice.ImsIntentReceiver}
[REDACTED_PATH]	12024			12-03 17	59	33.194  3888  3888 E CarrierSignalAgent	 [1]Carrier signal receivers are configured but unavailable	 ComponentInfo{com.sec.android.app.setupwizard/com.samsung.vzw.activationagent.receiver.PcoBroadcastReceiver}
[REDACTED_PATH]	12025			12-03 17	59	33.195  3888  3888 D CarrierSignalAgent	 [1]Sending signal android.telephony.action.CARRIER_SIGNAL_PCO_VALUE to the carrier signal receiver	 ComponentInfo{com.samsung.android.app.telephonyui/com.samsung.android.app.telephonyui.netsettings.ui.simcardmanager.PcoValueReceiver}
[REDACTED_PATH]	12026			12-03 17	59	33.197  3888  3888 D CarrierSignalAgent	 [1]Sending signal android.telephony.action.CARRIER_SIGNAL_PCO_VALUE to the carrier signal receiver	 ComponentInfo{com.sec.imsservice/com.sec.internal.ims.imsservice.ImsIntentReceiver}
[REDACTED_PATH]	12027			12-03 17	59	33.197  3888  3888 E CarrierSignalAgent	 [1]Carrier signal receivers are configured but unavailable	 ComponentInfo{com.sec.android.app.setupwizard/com.samsung.vzw.activationagent.receiver.PcoBroadcastReceiver}
[REDACTED_PATH]	463			12-13 00	07	43.354 D/CarrierSignalAgent( 3997)	 [1]Sending signal android.telephony.action.CARRIER_SIGNAL_PCO_VALUE to the carrier signal receiver	 ComponentInfo{com.samsung.android.app.telephonyui/com.samsung.android.app.telephonyui.netsettings.ui.simcardmanager.PcoValueReceiver}
[REDACTED_PATH]	464			12-13 00	07	43.360 D/CarrierSignalAgent( 3997)	 [1]Sending signal android.telephony.action.CARRIER_SIGNAL_PCO_VALUE to the carrier signal receiver	 ComponentInfo{com.sec.imsservice/com.sec.internal.ims.imsservice.ImsIntentReceiver}
[REDACTED_PATH]	465			12-13 00	07	43.363 D/CarrierSignalAgent( 3997)	 [1]Sending signal android.telephony.action.CARRIER_SIGNAL_PCO_VALUE to the carrier signal receiver	 ComponentInfo{com.samsung.android.app.telephonyui/com.samsung.android.app.telephonyui.netsettings.ui.simcardmanager.PcoValueReceiver}
[REDACTED_PATH]	469			12-13 00	07	43.365 D/CarrierSignalAgent( 3997)	 [1]Sending signal android.telephony.action.CARRIER_SIGNAL_PCO_VALUE to the carrier signal receiver	 ComponentInfo{com.sec.imsservice/com.sec.internal.ims.imsservice.ImsIntentReceiver}
[REDACTED_PATH]	2224			12-13 00	14	22.659 D/CarrierSignalAgent( 3997)	 [1]Sending signal android.telephony.action.CARRIER_SIGNAL_PCO_VALUE to the carrier signal receiver	 ComponentInfo{com.samsung.android.app.telephonyui/com.samsung.android.app.telephonyui.netsettings.ui.simcardmanager.PcoValueReceiver}
[REDACTED_PATH]	2225			12-13 00	14	22.661 D/CarrierSignalAgent( 3997)	 [1]Sending signal android.telephony.action.CARRIER_SIGNAL_PCO_VALUE to the carrier signal receiver	 ComponentInfo{com.sec.imsservice/com.sec.internal.ims.imsservice.ImsIntentReceiver}
[REDACTED_PATH]	2226			12-13 00	14	22.663 D/CarrierSignalAgent( 3997)	 [1]Sending signal android.telephony.action.CARRIER_SIGNAL_PCO_VALUE to the carrier signal receiver	 ComponentInfo{com.samsung.android.app.telephonyui/com.samsung.android.app.telephonyui.netsettings.ui.simcardmanager.PcoValueReceiver}
[REDACTED_PATH]	2230			12-13 00	14	22.665 D/CarrierSignalAgent( 3997)	 [1]Sending signal android.telephony.action.CARRIER_SIGNAL_PCO_VALUE to the carrier signal receiver	 ComponentInfo{com.sec.imsservice/com.sec.internal.ims.imsservice.ImsIntentReceiver}
[REDACTED_PATH]	2233			12-13 00	14	22.667 D/CarrierSignalAgent( 3997)	 [1]Sending signal android.telephony.action.CARRIER_SIGNAL_PCO_VALUE to the carrier signal receiver	 ComponentInfo{com.samsung.android.app.telephonyui/com.samsung.android.app.telephonyui.netsettings.ui.simcardmanager.PcoValueReceiver}
[REDACTED_PATH]	2239			12-13 00	14	22.668 D/CarrierSignalAgent( 3997)	 [1]Sending signal android.telephony.action.CARRIER_SIGNAL_PCO_VALUE to the carrier signal receiver	 ComponentInfo{com.sec.imsservice/com.sec.internal.ims.imsservice.ImsIntentReceiver}
[REDACTED_PATH]	2243			12-13 00	14	22.670 D/CarrierSignalAgent( 3997)	 [1]Sending signal android.telephony.action.CARRIER_SIGNAL_PCO_VALUE to the carrier signal receiver	 ComponentInfo{com.samsung.android.app.telephonyui/com.samsung.android.app.telephonyui.netsettings.ui.simcardmanager.PcoValueReceiver}
[REDACTED_PATH]	2244			12-13 00	14	22.671 D/CarrierSignalAgent( 3997)	 [1]Sending signal android.telephony.action.CARRIER_SIGNAL_PCO_VALUE to the carrier signal receiver	 ComponentInfo{com.sec.imsservice/com.sec.internal.ims.imsservice.ImsIntentReceiver}
[REDACTED_PATH]	3953			12-13 00	26	28.188 D/CarrierSignalAgent( 3997)	 [1]Sending signal android.telephony.action.CARRIER_SIGNAL_PCO_VALUE to the carrier signal receiver	 ComponentInfo{com.samsung.android.app.telephonyui/com.samsung.android.app.telephonyui.netsettings.ui.simcardmanager.PcoValueReceiver}
[REDACTED_PATH]	3956			12-13 00	26	28.190 D/CarrierSignalAgent( 3997)	 [1]Sending signal android.telephony.action.CARRIER_SIGNAL_PCO_VALUE to the carrier signal receiver	 ComponentInfo{com.sec.imsservice/com.sec.internal.ims.imsservice.ImsIntentReceiver}
[REDACTED_PATH]	3957			12-13 00	26	28.191 D/CarrierSignalAgent( 3997)	 [1]Sending signal android.telephony.action.CARRIER_SIGNAL_PCO_VALUE to the carrier signal receiver	 ComponentInfo{com.samsung.android.app.telephonyui/com.samsung.android.app.telephonyui.netsettings.ui.simcardmanager.PcoValueReceiver}
[REDACTED_PATH]	3961			12-13 00	26	28.193 D/CarrierSignalAgent( 3997)	 [1]Sending signal android.telephony.action.CARRIER_SIGNAL_PCO_VALUE to the carrier signal receiver	 ComponentInfo{com.sec.imsservice/com.sec.internal.ims.imsservice.ImsIntentReceiver}
[REDACTED_PATH]	3962			12-13 00	26	28.193 D/CarrierSignalAgent( 3997)	 [1]Sending signal android.telephony.action.CARRIER_SIGNAL_PCO_VALUE to the carrier signal receiver	 ComponentInfo{com.samsung.android.app.telephonyui/com.samsung.android.app.telephonyui.netsettings.ui.simcardmanager.PcoValueReceiver}
[REDACTED_PATH]	3964			12-13 00	26	28.194 D/CarrierSignalAgent( 3997)	 [1]Sending signal android.telephony.action.CARRIER_SIGNAL_PCO_VALUE to the carrier signal receiver	 ComponentInfo{com.sec.imsservice/com.sec.internal.ims.imsservice.ImsIntentReceiver}
[REDACTED_PATH]	3981			12-13 00	26	28.198 D/CarrierSignalAgent( 3997)	 [1]Sending signal android.telephony.action.CARRIER_SIGNAL_PCO_VALUE to the carrier signal receiver	 ComponentInfo{com.samsung.android.app.telephonyui/com.samsung.android.app.telephonyui.netsettings.ui.simcardmanager.PcoValueReceiver}
[REDACTED_PATH]	3983			12-13 00	26	28.199 D/CarrierSignalAgent( 3997)	 [1]Sending signal android.telephony.action.CARRIER_SIGNAL_PCO_VALUE to the carrier signal receiver	 ComponentInfo{com.sec.imsservice/com.sec.internal.ims.imsservice.ImsIntentReceiver}
[REDACTED_PATH]	5151			12-13 00	37	24.953 D/CarrierSignalAgent( 3997)	 [1]Sending signal android.telephony.action.CARRIER_SIGNAL_PCO_VALUE to the carrier signal receiver	 ComponentInfo{com.samsung.android.app.telephonyui/com.samsung.android.app.telephonyui.netsettings.ui.simcardmanager.PcoValueReceiver}
[REDACTED_PATH]	5152			12-13 00	37	24.958 D/CarrierSignalAgent( 3997)	 [1]Sending signal android.telephony.action.CARRIER_SIGNAL_PCO_VALUE to the carrier signal receiver	 ComponentInfo{com.sec.imsservice/com.sec.internal.ims.imsservice.ImsIntentReceiver}
[REDACTED_PATH]	5153			12-13 00	37	24.962 D/CarrierSignalAgent( 3997)	 [1]Sending signal android.telephony.action.CARRIER_SIGNAL_PCO_VALUE to the carrier signal receiver	 ComponentInfo{com.samsung.android.app.telephonyui/com.samsung.android.app.telephonyui.netsettings.ui.simcardmanager.PcoValueReceiver}
[REDACTED_PATH]	5154			12-13 00	37	24.963 D/CarrierSignalAgent( 3997)	 [1]Sending signal android.telephony.action.CARRIER_SIGNAL_PCO_VALUE to the carrier signal receiver	 ComponentInfo{com.sec.imsservice/com.sec.internal.ims.imsservice.ImsIntentReceiver}
[REDACTED_PATH]	5155			12-13 00	37	24.965 D/CarrierSignalAgent( 3997)	 [1]Sending signal android.telephony.action.CARRIER_SIGNAL_PCO_VALUE to the carrier signal receiver	 ComponentInfo{com.samsung.android.app.telephonyui/com.samsung.android.app.telephonyui.netsettings.ui.simcardmanager.PcoValueReceiver}
[REDACTED_PATH]	5165			12-13 00	37	24.967 D/CarrierSignalAgent( 3997)	 [1]Sending signal android.telephony.action.CARRIER_SIGNAL_PCO_VALUE to the carrier signal receiver	 ComponentInfo{com.sec.imsservice/com.sec.internal.ims.imsservice.ImsIntentReceiver}
[REDACTED_PATH]	5171			12-13 00	37	24.970 D/CarrierSignalAgent( 3997)	 [1]Sending signal android.telephony.action.CARRIER_SIGNAL_PCO_VALUE to the carrier signal receiver	 ComponentInfo{com.samsung.android.app.telephonyui/com.samsung.android.app.telephonyui.netsettings.ui.simcardmanager.PcoValueReceiver}
[REDACTED_PATH]	5179			12-13 00	37	24.973 D/CarrierSignalAgent( 3997)	 [1]Sending signal android.telephony.action.CARRIER_SIGNAL_PCO_VALUE to the carrier signal receiver	 ComponentInfo{com.sec.imsservice/com.sec.internal.ims.imsservice.ImsIntentReceiver}
[REDACTED_PATH]	5617			12-13 00	37	53.765 D/CarrierSignalAgent( 3997)	 [1]Sending signal android.telephony.action.CARRIER_SIGNAL_PCO_VALUE to the carrier signal receiver	 ComponentInfo{com.samsung.android.app.telephonyui/com.samsung.android.app.telephonyui.netsettings.ui.simcardmanager.PcoValueReceiver}
[REDACTED_PATH]	5623			12-13 00	37	53.771 D/CarrierSignalAgent( 3997)	 [1]Sending signal android.telephony.action.CARRIER_SIGNAL_PCO_VALUE to the carrier signal receiver	 ComponentInfo{com.sec.imsservice/com.sec.internal.ims.imsservice.ImsIntentReceiver}
[REDACTED_PATH]	5633			12-13 00	37	53.779 D/CarrierSignalAgent( 3997)	 [1]Sending signal android.telephony.action.CARRIER_SIGNAL_PCO_VALUE to the carrier signal receiver	 ComponentInfo{com.samsung.android.app.telephonyui/com.samsung.android.app.telephonyui.netsettings.ui.simcardmanager.PcoValueReceiver}
[REDACTED_PATH]	5634			12-13 00	37	53.780 D/CarrierSignalAgent( 3997)	 [1]Sending signal android.telephony.action.CARRIER_SIGNAL_PCO_VALUE to the carrier signal receiver	 ComponentInfo{com.sec.imsservice/com.sec.internal.ims.imsservice.ImsIntentReceiver}
[REDACTED_PATH]	8285			12-13 01	08	07.557 D/CarrierSignalAgent( 3997)	 [1]Sending signal android.telephony.action.CARRIER_SIGNAL_PCO_VALUE to the carrier signal receiver	 ComponentInfo{com.samsung.android.app.telephonyui/com.samsung.android.app.telephonyui.netsettings.ui.simcardmanager.PcoValueReceiver}
