[REDACTED_PATH]	101			12-13 00	05	26.799 W/AccessNetworkUtils( 3997)	 Band and the range of EARFCN are not consistent	 band = 66 ,earfcn = 0 ,isUplink = false
[REDACTED_PATH]	102			12-13 00	05	26.799 W/AccessNetworkUtils( 3997)	 Band and the range of EARFCN are not consistent	 band = 66 ,earfcn = 0 ,isUplink = true
[REDACTED_PATH]	103			12-13 00	05	26.799 W/AccessNetworkUtils( 3997)	 Band and the range of EARFCN are not consistent	 band = 13 ,earfcn = 0 ,isUplink = false
[REDACTED_PATH]	104			12-13 00	05	26.799 W/AccessNetworkUtils( 3997)	 Band and the range of EARFCN are not consistent	 band = 13 ,earfcn = 0 ,isUplink = true
[REDACTED_PATH]	122			12-13 00	05	26.809 W/AccessNetworkUtils( 2667)	 Band and the range of EARFCN are not consistent	 band = 66 ,earfcn = 0 ,isUplink = false
[REDACTED_PATH]	123			12-13 00	05	26.809 W/AccessNetworkUtils( 2667)	 Band and the range of EARFCN are not consistent	 band = 66 ,earfcn = 0 ,isUplink = true
[REDACTED_PATH]	124			12-13 00	05	26.809 W/AccessNetworkUtils( 2667)	 Band and the range of EARFCN are not consistent	 band = 13 ,earfcn = 0 ,isUplink = false
[REDACTED_PATH]	125			12-13 00	05	26.809 W/AccessNetworkUtils( 2667)	 Band and the range of EARFCN are not consistent	 band = 13 ,earfcn = 0 ,isUplink = true
[REDACTED_PATH]	127			12-13 00	05	26.809 W/AccessNetworkUtils( 2667)	 Band and the range of EARFCN are not consistent	 band = 66 ,earfcn = 0 ,isUplink = false
[REDACTED_PATH]	128			12-13 00	05	26.809 W/AccessNetworkUtils( 2667)	 Band and the range of EARFCN are not consistent	 band = 66 ,earfcn = 0 ,isUplink = true
[REDACTED_PATH]	129			12-13 00	05	26.809 W/AccessNetworkUtils( 2667)	 Band and the range of EARFCN are not consistent	 band = 13 ,earfcn = 0 ,isUplink = false
[REDACTED_PATH]	130			12-13 00	05	26.809 W/AccessNetworkUtils( 2667)	 Band and the range of EARFCN are not consistent	 band = 13 ,earfcn = 0 ,isUplink = true
[REDACTED_PATH]	131			12-13 00	05	26.809 W/AccessNetworkUtils( 3997)	 Band and the range of EARFCN are not consistent	 band = 66 ,earfcn = 0 ,isUplink = false
[REDACTED_PATH]	132			12-13 00	05	26.809 W/AccessNetworkUtils( 3997)	 Band and the range of EARFCN are not consistent	 band = 66 ,earfcn = 0 ,isUplink = true
[REDACTED_PATH]	133			12-13 00	05	26.809 W/AccessNetworkUtils( 3997)	 Band and the range of EARFCN are not consistent	 band = 13 ,earfcn = 0 ,isUplink = false
[REDACTED_PATH]	134			12-13 00	05	26.809 W/AccessNetworkUtils( 3997)	 Band and the range of EARFCN are not consistent	 band = 13 ,earfcn = 0 ,isUplink = true
[REDACTED_PATH]	442			12-13 00	06	40.593 W/AccessNetworkUtils( 3997)	 Band and the range of EARFCN are not consistent	 band = 66 ,earfcn = 0 ,isUplink = false
[REDACTED_PATH]	443			12-13 00	06	40.593 W/AccessNetworkUtils( 3997)	 Band and the range of EARFCN are not consistent	 band = 66 ,earfcn = 0 ,isUplink = true
[REDACTED_PATH]	444			12-13 00	06	40.593 W/AccessNetworkUtils( 3997)	 Band and the range of EARFCN are not consistent	 band = 13 ,earfcn = 0 ,isUplink = false
[REDACTED_PATH]	445			12-13 00	06	40.593 W/AccessNetworkUtils( 3997)	 Band and the range of EARFCN are not consistent	 band = 13 ,earfcn = 0 ,isUplink = true
[REDACTED_PATH]	447			12-13 00	06	40.594 W/AccessNetworkUtils( 2667)	 Band and the range of EARFCN are not consistent	 band = 66 ,earfcn = 0 ,isUplink = false
[REDACTED_PATH]	449			12-13 00	06	40.594 W/AccessNetworkUtils( 2667)	 Band and the range of EARFCN are not consistent	 band = 66 ,earfcn = 0 ,isUplink = true
[REDACTED_PATH]	450			12-13 00	06	40.594 W/AccessNetworkUtils( 2667)	 Band and the range of EARFCN are not consistent	 band = 13 ,earfcn = 0 ,isUplink = false
[REDACTED_PATH]	451			12-13 00	06	40.594 W/AccessNetworkUtils( 2667)	 Band and the range of EARFCN are not consistent	 band = 13 ,earfcn = 0 ,isUplink = true
[REDACTED_PATH]	452			12-13 00	06	40.594 W/AccessNetworkUtils( 2667)	 Band and the range of EARFCN are not consistent	 band = 66 ,earfcn = 0 ,isUplink = false
[REDACTED_PATH]	453			12-13 00	06	40.594 W/AccessNetworkUtils( 2667)	 Band and the range of EARFCN are not consistent	 band = 66 ,earfcn = 0 ,isUplink = true
[REDACTED_PATH]	454			12-13 00	06	40.594 W/AccessNetworkUtils( 2667)	 Band and the range of EARFCN are not consistent	 band = 13 ,earfcn = 0 ,isUplink = false
[REDACTED_PATH]	455			12-13 00	06	40.594 W/AccessNetworkUtils( 2667)	 Band and the range of EARFCN are not consistent	 band = 13 ,earfcn = 0 ,isUplink = true
[REDACTED_PATH]	460			12-13 00	06	40.595 W/AccessNetworkUtils( 3997)	 Band and the range of EARFCN are not consistent	 band = 66 ,earfcn = 0 ,isUplink = false
[REDACTED_PATH]	461			12-13 00	06	40.595 W/AccessNetworkUtils( 3997)	 Band and the range of EARFCN are not consistent	 band = 66 ,earfcn = 0 ,isUplink = true
[REDACTED_PATH]	462			12-13 00	06	40.595 W/AccessNetworkUtils( 3997)	 Band and the range of EARFCN are not consistent	 band = 13 ,earfcn = 0 ,isUplink = false
[REDACTED_PATH]	463			12-13 00	06	40.595 W/AccessNetworkUtils( 3997)	 Band and the range of EARFCN are not consistent	 band = 13 ,earfcn = 0 ,isUplink = true
[REDACTED_PATH]	718			12-13 00	07	22.191 W/AccessNetworkUtils( 3997)	 Band and the range of EARFCN are not consistent	 band = 66 ,earfcn = 0 ,isUplink = false
[REDACTED_PATH]	719			12-13 00	07	22.191 W/AccessNetworkUtils( 3997)	 Band and the range of EARFCN are not consistent	 band = 66 ,earfcn = 0 ,isUplink = true
[REDACTED_PATH]	755			12-13 00	07	22.221 W/AccessNetworkUtils( 2667)	 Band and the range of EARFCN are not consistent	 band = 66 ,earfcn = 0 ,isUplink = false
[REDACTED_PATH]	756			12-13 00	07	22.221 W/AccessNetworkUtils( 2667)	 Band and the range of EARFCN are not consistent	 band = 66 ,earfcn = 0 ,isUplink = true
[REDACTED_PATH]	757			12-13 00	07	22.221 W/AccessNetworkUtils( 2667)	 Band and the range of EARFCN are not consistent	 band = 66 ,earfcn = 0 ,isUplink = false
[REDACTED_PATH]	758			12-13 00	07	22.221 W/AccessNetworkUtils( 2667)	 Band and the range of EARFCN are not consistent	 band = 66 ,earfcn = 0 ,isUplink = true
[REDACTED_PATH]	759			12-13 00	07	22.221 W/AccessNetworkUtils( 3997)	 Band and the range of EARFCN are not consistent	 band = 66 ,earfcn = 0 ,isUplink = false
[REDACTED_PATH]	760			12-13 00	07	22.221 W/AccessNetworkUtils( 3997)	 Band and the range of EARFCN are not consistent	 band = 66 ,earfcn = 0 ,isUplink = true
[REDACTED_PATH]	849			12-13 00	07	30.907 W/AccessNetworkUtils( 3997)	 Band and the range of EARFCN are not consistent	 band = 66 ,earfcn = 0 ,isUplink = false
[REDACTED_PATH]	850			12-13 00	07	30.907 W/AccessNetworkUtils( 3997)	 Band and the range of EARFCN are not consistent	 band = 66 ,earfcn = 0 ,isUplink = true
[REDACTED_PATH]	851			12-13 00	07	30.907 W/AccessNetworkUtils( 3997)	 Band and the range of EARFCN are not consistent	 band = 13 ,earfcn = 0 ,isUplink = false
[REDACTED_PATH]	852			12-13 00	07	30.907 W/AccessNetworkUtils( 3997)	 Band and the range of EARFCN are not consistent	 band = 13 ,earfcn = 0 ,isUplink = true
[REDACTED_PATH]	859			12-13 00	07	30.921 W/AccessNetworkUtils( 2667)	 Band and the range of EARFCN are not consistent	 band = 66 ,earfcn = 0 ,isUplink = false
[REDACTED_PATH]	860			12-13 00	07	30.921 W/AccessNetworkUtils( 2667)	 Band and the range of EARFCN are not consistent	 band = 66 ,earfcn = 0 ,isUplink = true
[REDACTED_PATH]	861			12-13 00	07	30.921 W/AccessNetworkUtils( 2667)	 Band and the range of EARFCN are not consistent	 band = 13 ,earfcn = 0 ,isUplink = false
[REDACTED_PATH]	862			12-13 00	07	30.921 W/AccessNetworkUtils( 2667)	 Band and the range of EARFCN are not consistent	 band = 13 ,earfcn = 0 ,isUplink = true
[REDACTED_PATH]	863			12-13 00	07	30.921 W/AccessNetworkUtils( 2667)	 Band and the range of EARFCN are not consistent	 band = 66 ,earfcn = 0 ,isUplink = false
[REDACTED_PATH]	864			12-13 00	07	30.921 W/AccessNetworkUtils( 2667)	 Band and the range of EARFCN are not consistent	 band = 66 ,earfcn = 0 ,isUplink = true
[REDACTED_PATH]	865			12-13 00	07	30.921 W/AccessNetworkUtils( 2667)	 Band and the range of EARFCN are not consistent	 band = 13 ,earfcn = 0 ,isUplink = false
[REDACTED_PATH]	866			12-13 00	07	30.921 W/AccessNetworkUtils( 2667)	 Band and the range of EARFCN are not consistent	 band = 13 ,earfcn = 0 ,isUplink = true
[REDACTED_PATH]	867			12-13 00	07	30.921 W/AccessNetworkUtils( 3997)	 Band and the range of EARFCN are not consistent	 band = 66 ,earfcn = 0 ,isUplink = false
[REDACTED_PATH]	868			12-13 00	07	30.922 W/AccessNetworkUtils( 3997)	 Band and the range of EARFCN are not consistent	 band = 66 ,earfcn = 0 ,isUplink = true
[REDACTED_PATH]	869			12-13 00	07	30.922 W/AccessNetworkUtils( 3997)	 Band and the range of EARFCN are not consistent	 band = 13 ,earfcn = 0 ,isUplink = false
[REDACTED_PATH]	870			12-13 00	07	30.922 W/AccessNetworkUtils( 3997)	 Band and the range of EARFCN are not consistent	 band = 13 ,earfcn = 0 ,isUplink = true
[REDACTED_PATH]	1568			12-13 00	09	22.394 W/AccessNetworkUtils( 3997)	 Band and the range of EARFCN are not consistent	 band = 66 ,earfcn = 0 ,isUplink = false
[REDACTED_PATH]	1569			12-13 00	09	22.394 W/AccessNetworkUtils( 3997)	 Band and the range of EARFCN are not consistent	 band = 66 ,earfcn = 0 ,isUplink = true
[REDACTED_PATH]	1594			12-13 00	09	22.405 W/AccessNetworkUtils( 2667)	 Band and the range of EARFCN are not consistent	 band = 66 ,earfcn = 0 ,isUplink = false
[REDACTED_PATH]	1595			12-13 00	09	22.405 W/AccessNetworkUtils( 2667)	 Band and the range of EARFCN are not consistent	 band = 66 ,earfcn = 0 ,isUplink = true
[REDACTED_PATH]	1596			12-13 00	09	22.405 W/AccessNetworkUtils( 2667)	 Band and the range of EARFCN are not consistent	 band = 66 ,earfcn = 0 ,isUplink = false
[REDACTED_PATH]	1597			12-13 00	09	22.405 W/AccessNetworkUtils( 2667)	 Band and the range of EARFCN are not consistent	 band = 66 ,earfcn = 0 ,isUplink = true
[REDACTED_PATH]	1598			12-13 00	09	22.405 W/AccessNetworkUtils( 3997)	 Band and the range of EARFCN are not consistent	 band = 66 ,earfcn = 0 ,isUplink = false
[REDACTED_PATH]	1599			12-13 00	09	22.405 W/AccessNetworkUtils( 3997)	 Band and the range of EARFCN are not consistent	 band = 66 ,earfcn = 0 ,isUplink = true
[REDACTED_PATH]	1660			12-13 00	09	23.600 W/AccessNetworkUtils( 3997)	 Band and the range of EARFCN are not consistent	 band = 66 ,earfcn = 0 ,isUplink = false
[REDACTED_PATH]	1661			12-13 00	09	23.600 W/AccessNetworkUtils( 3997)	 Band and the range of EARFCN are not consistent	 band = 66 ,earfcn = 0 ,isUplink = true
[REDACTED_PATH]	1662			12-13 00	09	23.600 W/AccessNetworkUtils( 3997)	 Band and the range of EARFCN are not consistent	 band = 13 ,earfcn = 0 ,isUplink = false
[REDACTED_PATH]	1663			12-13 00	09	23.600 W/AccessNetworkUtils( 3997)	 Band and the range of EARFCN are not consistent	 band = 13 ,earfcn = 0 ,isUplink = true
[REDACTED_PATH]	1680			12-13 00	09	23.616 W/AccessNetworkUtils( 2667)	 Band and the range of EARFCN are not consistent	 band = 66 ,earfcn = 0 ,isUplink = false
[REDACTED_PATH]	1681			12-13 00	09	23.616 W/AccessNetworkUtils( 2667)	 Band and the range of EARFCN are not consistent	 band = 66 ,earfcn = 0 ,isUplink = true
[REDACTED_PATH]	1682			12-13 00	09	23.616 W/AccessNetworkUtils( 2667)	 Band and the range of EARFCN are not consistent	 band = 13 ,earfcn = 0 ,isUplink = false
[REDACTED_PATH]	1683			12-13 00	09	23.616 W/AccessNetworkUtils( 2667)	 Band and the range of EARFCN are not consistent	 band = 13 ,earfcn = 0 ,isUplink = true
[REDACTED_PATH]	1684			12-13 00	09	23.616 W/AccessNetworkUtils( 2667)	 Band and the range of EARFCN are not consistent	 band = 66 ,earfcn = 0 ,isUplink = false
[REDACTED_PATH]	1685			12-13 00	09	23.616 W/AccessNetworkUtils( 2667)	 Band and the range of EARFCN are not consistent	 band = 66 ,earfcn = 0 ,isUplink = true
[REDACTED_PATH]	1686			12-13 00	09	23.616 W/AccessNetworkUtils( 2667)	 Band and the range of EARFCN are not consistent	 band = 13 ,earfcn = 0 ,isUplink = false
[REDACTED_PATH]	1687			12-13 00	09	23.616 W/AccessNetworkUtils( 2667)	 Band and the range of EARFCN are not consistent	 band = 13 ,earfcn = 0 ,isUplink = true
[REDACTED_PATH]	1691			12-13 00	09	23.616 W/AccessNetworkUtils( 3997)	 Band and the range of EARFCN are not consistent	 band = 66 ,earfcn = 0 ,isUplink = false
[REDACTED_PATH]	1695			12-13 00	09	23.617 W/AccessNetworkUtils( 3997)	 Band and the range of EARFCN are not consistent	 band = 66 ,earfcn = 0 ,isUplink = true
[REDACTED_PATH]	1696			12-13 00	09	23.617 W/AccessNetworkUtils( 3997)	 Band and the range of EARFCN are not consistent	 band = 13 ,earfcn = 0 ,isUplink = false
[REDACTED_PATH]	1697			12-13 00	09	23.617 W/AccessNetworkUtils( 3997)	 Band and the range of EARFCN are not consistent	 band = 13 ,earfcn = 0 ,isUplink = true
[REDACTED_PATH]	1888			12-13 00	10	22.370 W/AccessNetworkUtils( 3997)	 Band and the range of EARFCN are not consistent	 band = 66 ,earfcn = 0 ,isUplink = false
[REDACTED_PATH]	1889			12-13 00	10	22.370 W/AccessNetworkUtils( 3997)	 Band and the range of EARFCN are not consistent	 band = 66 ,earfcn = 0 ,isUplink = true
[REDACTED_PATH]	1923			12-13 00	10	22.397 W/AccessNetworkUtils( 2667)	 Band and the range of EARFCN are not consistent	 band = 66 ,earfcn = 0 ,isUplink = false
[REDACTED_PATH]	1924			12-13 00	10	22.397 W/AccessNetworkUtils( 2667)	 Band and the range of EARFCN are not consistent	 band = 66 ,earfcn = 0 ,isUplink = true
[REDACTED_PATH]	1925			12-13 00	10	22.397 W/AccessNetworkUtils( 2667)	 Band and the range of EARFCN are not consistent	 band = 66 ,earfcn = 0 ,isUplink = false
[REDACTED_PATH]	1926			12-13 00	10	22.397 W/AccessNetworkUtils( 2667)	 Band and the range of EARFCN are not consistent	 band = 66 ,earfcn = 0 ,isUplink = true
[REDACTED_PATH]	1929			12-13 00	10	22.397 W/AccessNetworkUtils( 3997)	 Band and the range of EARFCN are not consistent	 band = 66 ,earfcn = 0 ,isUplink = false
[REDACTED_PATH]	1930			12-13 00	10	22.397 W/AccessNetworkUtils( 3997)	 Band and the range of EARFCN are not consistent	 band = 66 ,earfcn = 0 ,isUplink = true
[REDACTED_PATH]	1993			12-13 00	10	23.613 W/AccessNetworkUtils( 3997)	 Band and the range of EARFCN are not consistent	 band = 66 ,earfcn = 0 ,isUplink = false
[REDACTED_PATH]	1994			12-13 00	10	23.613 W/AccessNetworkUtils( 3997)	 Band and the range of EARFCN are not consistent	 band = 66 ,earfcn = 0 ,isUplink = true
[REDACTED_PATH]	1995			12-13 00	10	23.613 W/AccessNetworkUtils( 3997)	 Band and the range of EARFCN are not consistent	 band = 13 ,earfcn = 0 ,isUplink = false
[REDACTED_PATH]	1996			12-13 00	10	23.613 W/AccessNetworkUtils( 3997)	 Band and the range of EARFCN are not consistent	 band = 13 ,earfcn = 0 ,isUplink = true
[REDACTED_PATH]	2029			12-13 00	10	23.649 W/AccessNetworkUtils( 2667)	 Band and the range of EARFCN are not consistent	 band = 66 ,earfcn = 0 ,isUplink = false
[REDACTED_PATH]	2030			12-13 00	10	23.649 W/AccessNetworkUtils( 2667)	 Band and the range of EARFCN are not consistent	 band = 66 ,earfcn = 0 ,isUplink = true
[REDACTED_PATH]	2031			12-13 00	10	23.649 W/AccessNetworkUtils( 2667)	 Band and the range of EARFCN are not consistent	 band = 13 ,earfcn = 0 ,isUplink = false
[REDACTED_PATH]	2032			12-13 00	10	23.649 W/AccessNetworkUtils( 2667)	 Band and the range of EARFCN are not consistent	 band = 13 ,earfcn = 0 ,isUplink = true
[REDACTED_PATH]	2033			12-13 00	10	23.649 W/AccessNetworkUtils( 2667)	 Band and the range of EARFCN are not consistent	 band = 66 ,earfcn = 0 ,isUplink = false
[REDACTED_PATH]	2034			12-13 00	10	23.649 W/AccessNetworkUtils( 2667)	 Band and the range of EARFCN are not consistent	 band = 66 ,earfcn = 0 ,isUplink = true
[REDACTED_PATH]	2035			12-13 00	10	23.649 W/AccessNetworkUtils( 2667)	 Band and the range of EARFCN are not consistent	 band = 13 ,earfcn = 0 ,isUplink = false
[REDACTED_PATH]	2036			12-13 00	10	23.649 W/AccessNetworkUtils( 2667)	 Band and the range of EARFCN are not consistent	 band = 13 ,earfcn = 0 ,isUplink = true
[REDACTED_PATH]	2037			12-13 00	10	23.650 W/AccessNetworkUtils( 3997)	 Band and the range of EARFCN are not consistent	 band = 66 ,earfcn = 0 ,isUplink = false
[REDACTED_PATH]	2038			12-13 00	10	23.650 W/AccessNetworkUtils( 3997)	 Band and the range of EARFCN are not consistent	 band = 66 ,earfcn = 0 ,isUplink = true
[REDACTED_PATH]	2039			12-13 00	10	23.650 W/AccessNetworkUtils( 3997)	 Band and the range of EARFCN are not consistent	 band = 13 ,earfcn = 0 ,isUplink = false
[REDACTED_PATH]	2040			12-13 00	10	23.650 W/AccessNetworkUtils( 3997)	 Band and the range of EARFCN are not consistent	 band = 13 ,earfcn = 0 ,isUplink = true
[REDACTED_PATH]	2138			12-13 00	11	02.470 W/AccessNetworkUtils( 3997)	 Band and the range of EARFCN are not consistent	 band = 66 ,earfcn = 0 ,isUplink = false
[REDACTED_PATH]	2139			12-13 00	11	02.470 W/AccessNetworkUtils( 3997)	 Band and the range of EARFCN are not consistent	 band = 66 ,earfcn = 0 ,isUplink = true
[REDACTED_PATH]	2173			12-13 00	11	02.498 W/AccessNetworkUtils( 2667)	 Band and the range of EARFCN are not consistent	 band = 66 ,earfcn = 0 ,isUplink = false
[REDACTED_PATH]	2174			12-13 00	11	02.498 W/AccessNetworkUtils( 2667)	 Band and the range of EARFCN are not consistent	 band = 66 ,earfcn = 0 ,isUplink = true
[REDACTED_PATH]	2175			12-13 00	11	02.498 W/AccessNetworkUtils( 2667)	 Band and the range of EARFCN are not consistent	 band = 66 ,earfcn = 0 ,isUplink = false
[REDACTED_PATH]	2176			12-13 00	11	02.498 W/AccessNetworkUtils( 2667)	 Band and the range of EARFCN are not consistent	 band = 66 ,earfcn = 0 ,isUplink = true
[REDACTED_PATH]	2179			12-13 00	11	02.498 W/AccessNetworkUtils( 3997)	 Band and the range of EARFCN are not consistent	 band = 66 ,earfcn = 0 ,isUplink = false
[REDACTED_PATH]	2180			12-13 00	11	02.498 W/AccessNetworkUtils( 3997)	 Band and the range of EARFCN are not consistent	 band = 66 ,earfcn = 0 ,isUplink = true
[REDACTED_PATH]	2242			12-13 00	11	03.626 W/AccessNetworkUtils( 3997)	 Band and the range of EARFCN are not consistent	 band = 66 ,earfcn = 0 ,isUplink = false
[REDACTED_PATH]	2243			12-13 00	11	03.626 W/AccessNetworkUtils( 3997)	 Band and the range of EARFCN are not consistent	 band = 66 ,earfcn = 0 ,isUplink = true
[REDACTED_PATH]	2244			12-13 00	11	03.627 W/AccessNetworkUtils( 3997)	 Band and the range of EARFCN are not consistent	 band = 13 ,earfcn = 0 ,isUplink = false
[REDACTED_PATH]	2245			12-13 00	11	03.627 W/AccessNetworkUtils( 3997)	 Band and the range of EARFCN are not consistent	 band = 13 ,earfcn = 0 ,isUplink = true
[REDACTED_PATH]	2273			12-13 00	11	03.655 W/AccessNetworkUtils( 2667)	 Band and the range of EARFCN are not consistent	 band = 66 ,earfcn = 0 ,isUplink = false
[REDACTED_PATH]	2274			12-13 00	11	03.655 W/AccessNetworkUtils( 2667)	 Band and the range of EARFCN are not consistent	 band = 66 ,earfcn = 0 ,isUplink = true
[REDACTED_PATH]	2275			12-13 00	11	03.655 W/AccessNetworkUtils( 2667)	 Band and the range of EARFCN are not consistent	 band = 13 ,earfcn = 0 ,isUplink = false
[REDACTED_PATH]	2276			12-13 00	11	03.655 W/AccessNetworkUtils( 2667)	 Band and the range of EARFCN are not consistent	 band = 13 ,earfcn = 0 ,isUplink = true
[REDACTED_PATH]	2277			12-13 00	11	03.655 W/AccessNetworkUtils( 2667)	 Band and the range of EARFCN are not consistent	 band = 66 ,earfcn = 0 ,isUplink = false
[REDACTED_PATH]	2278			12-13 00	11	03.655 W/AccessNetworkUtils( 2667)	 Band and the range of EARFCN are not consistent	 band = 66 ,earfcn = 0 ,isUplink = true
[REDACTED_PATH]	2279			12-13 00	11	03.655 W/AccessNetworkUtils( 2667)	 Band and the range of EARFCN are not consistent	 band = 13 ,earfcn = 0 ,isUplink = false
[REDACTED_PATH]	2280			12-13 00	11	03.655 W/AccessNetworkUtils( 2667)	 Band and the range of EARFCN are not consistent	 band = 13 ,earfcn = 0 ,isUplink = true
[REDACTED_PATH]	2281			12-13 00	11	03.655 W/AccessNetworkUtils( 3997)	 Band and the range of EARFCN are not consistent	 band = 66 ,earfcn = 0 ,isUplink = false
[REDACTED_PATH]	2283			12-13 00	11	03.655 W/AccessNetworkUtils( 3997)	 Band and the range of EARFCN are not consistent	 band = 66 ,earfcn = 0 ,isUplink = true
[REDACTED_PATH]	2285			12-13 00	11	03.655 W/AccessNetworkUtils( 3997)	 Band and the range of EARFCN are not consistent	 band = 13 ,earfcn = 0 ,isUplink = false
[REDACTED_PATH]	2287			12-13 00	11	03.655 W/AccessNetworkUtils( 3997)	 Band and the range of EARFCN are not consistent	 band = 13 ,earfcn = 0 ,isUplink = true
[REDACTED_PATH]	2737			12-13 00	12	43.200 W/AccessNetworkUtils( 3997)	 Band and the range of EARFCN are not consistent	 band = 66 ,earfcn = 0 ,isUplink = false
[REDACTED_PATH]	2738			12-13 00	12	43.200 W/AccessNetworkUtils( 3997)	 Band and the range of EARFCN are not consistent	 band = 66 ,earfcn = 0 ,isUplink = true
[REDACTED_PATH]	2739			12-13 00	12	43.200 W/AccessNetworkUtils( 3997)	 Band and the range of EARFCN are not consistent	 band = 4 ,earfcn = 0 ,isUplink = false
[REDACTED_PATH]	2740			12-13 00	12	43.200 W/AccessNetworkUtils( 3997)	 Band and the range of EARFCN are not consistent	 band = 4 ,earfcn = 0 ,isUplink = true
[REDACTED_PATH]	2763			12-13 00	12	43.211 W/AccessNetworkUtils( 2667)	 Band and the range of EARFCN are not consistent	 band = 66 ,earfcn = 0 ,isUplink = false
[REDACTED_PATH]	2764			12-13 00	12	43.211 W/AccessNetworkUtils( 2667)	 Band and the range of EARFCN are not consistent	 band = 66 ,earfcn = 0 ,isUplink = true
[REDACTED_PATH]	2765			12-13 00	12	43.211 W/AccessNetworkUtils( 2667)	 Band and the range of EARFCN are not consistent	 band = 4 ,earfcn = 0 ,isUplink = false
[REDACTED_PATH]	2766			12-13 00	12	43.211 W/AccessNetworkUtils( 2667)	 Band and the range of EARFCN are not consistent	 band = 4 ,earfcn = 0 ,isUplink = true
[REDACTED_PATH]	2767			12-13 00	12	43.212 W/AccessNetworkUtils( 2667)	 Band and the range of EARFCN are not consistent	 band = 66 ,earfcn = 0 ,isUplink = false
[REDACTED_PATH]	2768			12-13 00	12	43.212 W/AccessNetworkUtils( 2667)	 Band and the range of EARFCN are not consistent	 band = 66 ,earfcn = 0 ,isUplink = true
[REDACTED_PATH]	2769			12-13 00	12	43.212 W/AccessNetworkUtils( 2667)	 Band and the range of EARFCN are not consistent	 band = 4 ,earfcn = 0 ,isUplink = false
[REDACTED_PATH]	2770			12-13 00	12	43.212 W/AccessNetworkUtils( 2667)	 Band and the range of EARFCN are not consistent	 band = 4 ,earfcn = 0 ,isUplink = true
[REDACTED_PATH]	2771			12-13 00	12	43.212 W/AccessNetworkUtils( 3997)	 Band and the range of EARFCN are not consistent	 band = 66 ,earfcn = 0 ,isUplink = false
[REDACTED_PATH]	2772			12-13 00	12	43.212 W/AccessNetworkUtils( 3997)	 Band and the range of EARFCN are not consistent	 band = 66 ,earfcn = 0 ,isUplink = true
[REDACTED_PATH]	2773			12-13 00	12	43.212 W/AccessNetworkUtils( 3997)	 Band and the range of EARFCN are not consistent	 band = 4 ,earfcn = 0 ,isUplink = false
[REDACTED_PATH]	2774			12-13 00	12	43.212 W/AccessNetworkUtils( 3997)	 Band and the range of EARFCN are not consistent	 band = 4 ,earfcn = 0 ,isUplink = true
[REDACTED_PATH]	5356			12-13 00	15	57.073 W/AccessNetworkUtils( 3997)	 Band and the range of EARFCN are not consistent	 band = 13 ,earfcn = 0 ,isUplink = false
[REDACTED_PATH]	5357			12-13 00	15	57.073 W/AccessNetworkUtils( 3997)	 Band and the range of EARFCN are not consistent	 band = 13 ,earfcn = 0 ,isUplink = true
[REDACTED_PATH]	5394			12-13 00	15	57.100 W/AccessNetworkUtils( 2667)	 Band and the range of EARFCN are not consistent	 band = 13 ,earfcn = 0 ,isUplink = false
[REDACTED_PATH]	5395			12-13 00	15	57.100 W/AccessNetworkUtils( 2667)	 Band and the range of EARFCN are not consistent	 band = 13 ,earfcn = 0 ,isUplink = true
[REDACTED_PATH]	5396			12-13 00	15	57.100 W/AccessNetworkUtils( 2667)	 Band and the range of EARFCN are not consistent	 band = 13 ,earfcn = 0 ,isUplink = false
[REDACTED_PATH]	5397			12-13 00	15	57.100 W/AccessNetworkUtils( 2667)	 Band and the range of EARFCN are not consistent	 band = 13 ,earfcn = 0 ,isUplink = true
[REDACTED_PATH]	5399			12-13 00	15	57.101 W/AccessNetworkUtils( 3997)	 Band and the range of EARFCN are not consistent	 band = 13 ,earfcn = 0 ,isUplink = false
[REDACTED_PATH]	5400			12-13 00	15	57.101 W/AccessNetworkUtils( 3997)	 Band and the range of EARFCN are not consistent	 band = 13 ,earfcn = 0 ,isUplink = true
[REDACTED_PATH] (1).txt	276			12-03 17	11	24.104  3888  3988 W AccessNetworkUtils	 Band and the range of EARFCN are not consistent	 band = 66 ,earfcn = 0 ,isUplink = false
[REDACTED_PATH] (1).txt	277			12-03 17	11	24.104  3888  3988 W AccessNetworkUtils	 Band and the range of EARFCN are not consistent	 band = 66 ,earfcn = 0 ,isUplink = true
[REDACTED_PATH] (1).txt	291			12-03 17	11	24.118  2572  4774 W AccessNetworkUtils	 Band and the range of EARFCN are not consistent	 band = 66 ,earfcn = 0 ,isUplink = false
[REDACTED_PATH] (1).txt	292			12-03 17	11	24.118  2572  4774 W AccessNetworkUtils	 Band and the range of EARFCN are not consistent	 band = 66 ,earfcn = 0 ,isUplink = true
[REDACTED_PATH] (1).txt	293			12-03 17	11	24.118  2572  4774 W AccessNetworkUtils	 Band and the range of EARFCN are not consistent	 band = 66 ,earfcn = 0 ,isUplink = false
[REDACTED_PATH] (1).txt	295			12-03 17	11	24.118  2572  4774 W AccessNetworkUtils	 Band and the range of EARFCN are not consistent	 band = 66 ,earfcn = 0 ,isUplink = true
[REDACTED_PATH] (1).txt	298			12-03 17	11	24.118  3888  4804 W AccessNetworkUtils	 Band and the range of EARFCN are not consistent	 band = 66 ,earfcn = 0 ,isUplink = false
[REDACTED_PATH] (1).txt	299			12-03 17	11	24.118  3888  4804 W AccessNetworkUtils	 Band and the range of EARFCN are not consistent	 band = 66 ,earfcn = 0 ,isUplink = true
[REDACTED_PATH] (1).txt	1921			12-03 17	20	53.664  3888  4806 W AccessNetworkUtils	 Band and the range of EARFCN are not consistent	 band = 66 ,earfcn = 0 ,isUplink = false
[REDACTED_PATH] (1).txt	1922			12-03 17	20	53.664  3888  4806 W AccessNetworkUtils	 Band and the range of EARFCN are not consistent	 band = 66 ,earfcn = 0 ,isUplink = true
[REDACTED_PATH] (1).txt	1923			12-03 17	20	53.664  3888  4806 W AccessNetworkUtils	 Band and the range of EARFCN are not consistent	 band = 5 ,earfcn = 0 ,isUplink = false
[REDACTED_PATH] (1).txt	1924			12-03 17	20	53.664  3888  4806 W AccessNetworkUtils	 Band and the range of EARFCN are not consistent	 band = 5 ,earfcn = 0 ,isUplink = true
[REDACTED_PATH] (1).txt	1925			12-03 17	20	53.664  3888  4806 W AccessNetworkUtils	 Band and the range of EARFCN are not consistent	 band = 2 ,earfcn = 0 ,isUplink = false
[REDACTED_PATH] (1).txt	1926			12-03 17	20	53.664  3888  4806 W AccessNetworkUtils	 Band and the range of EARFCN are not consistent	 band = 2 ,earfcn = 0 ,isUplink = true
[REDACTED_PATH] (1).txt	1950			12-03 17	20	53.696  2572  4351 W AccessNetworkUtils	 Band and the range of EARFCN are not consistent	 band = 66 ,earfcn = 0 ,isUplink = false
[REDACTED_PATH] (1).txt	1951			12-03 17	20	53.696  2572  4351 W AccessNetworkUtils	 Band and the range of EARFCN are not consistent	 band = 66 ,earfcn = 0 ,isUplink = true
[REDACTED_PATH] (1).txt	1952			12-03 17	20	53.696  2572  4351 W AccessNetworkUtils	 Band and the range of EARFCN are not consistent	 band = 5 ,earfcn = 0 ,isUplink = false
[REDACTED_PATH] (1).txt	1953			12-03 17	20	53.697  2572  4351 W AccessNetworkUtils	 Band and the range of EARFCN are not consistent	 band = 5 ,earfcn = 0 ,isUplink = true
[REDACTED_PATH] (1).txt	1954			12-03 17	20	53.697  2572  4351 W AccessNetworkUtils	 Band and the range of EARFCN are not consistent	 band = 2 ,earfcn = 0 ,isUplink = false
[REDACTED_PATH] (1).txt	1955			12-03 17	20	53.697  2572  4351 W AccessNetworkUtils	 Band and the range of EARFCN are not consistent	 band = 2 ,earfcn = 0 ,isUplink = true
[REDACTED_PATH] (1).txt	1956			12-03 17	20	53.697  2572  4351 W AccessNetworkUtils	 Band and the range of EARFCN are not consistent	 band = 66 ,earfcn = 0 ,isUplink = false
[REDACTED_PATH] (1).txt	1957			12-03 17	20	53.697  2572  4351 W AccessNetworkUtils	 Band and the range of EARFCN are not consistent	 band = 66 ,earfcn = 0 ,isUplink = true
[REDACTED_PATH] (1).txt	1958			12-03 17	20	53.697  2572  4351 W AccessNetworkUtils	 Band and the range of EARFCN are not consistent	 band = 5 ,earfcn = 0 ,isUplink = false
[REDACTED_PATH] (1).txt	1959			12-03 17	20	53.697  2572  4351 W AccessNetworkUtils	 Band and the range of EARFCN are not consistent	 band = 5 ,earfcn = 0 ,isUplink = true
[REDACTED_PATH] (1).txt	1960			12-03 17	20	53.697  2572  4351 W AccessNetworkUtils	 Band and the range of EARFCN are not consistent	 band = 2 ,earfcn = 0 ,isUplink = false
[REDACTED_PATH] (1).txt	1961			12-03 17	20	53.697  2572  4351 W AccessNetworkUtils	 Band and the range of EARFCN are not consistent	 band = 2 ,earfcn = 0 ,isUplink = true
[REDACTED_PATH] (1).txt	1962			12-03 17	20	53.697  3888  4805 W AccessNetworkUtils	 Band and the range of EARFCN are not consistent	 band = 66 ,earfcn = 0 ,isUplink = false
[REDACTED_PATH] (1).txt	1963			12-03 17	20	53.697  3888  4805 W AccessNetworkUtils	 Band and the range of EARFCN are not consistent	 band = 66 ,earfcn = 0 ,isUplink = true
[REDACTED_PATH] (1).txt	1964			12-03 17	20	53.697  3888  4805 W AccessNetworkUtils	 Band and the range of EARFCN are not consistent	 band = 5 ,earfcn = 0 ,isUplink = false
[REDACTED_PATH] (1).txt	1965			12-03 17	20	53.697  3888  4805 W AccessNetworkUtils	 Band and the range of EARFCN are not consistent	 band = 5 ,earfcn = 0 ,isUplink = true
[REDACTED_PATH] (1).txt	1966			12-03 17	20	53.697  3888  4805 W AccessNetworkUtils	 Band and the range of EARFCN are not consistent	 band = 2 ,earfcn = 0 ,isUplink = false
[REDACTED_PATH] (1).txt	1967			12-03 17	20	53.697  3888  4805 W AccessNetworkUtils	 Band and the range of EARFCN are not consistent	 band = 2 ,earfcn = 0 ,isUplink = true
[REDACTED_PATH] (1).txt	2410			12-03 17	21	08.433  3888  4799 W AccessNetworkUtils	 Band and the range of EARFCN are not consistent	 band = 66 ,earfcn = 0 ,isUplink = false
[REDACTED_PATH] (1).txt	2411			12-03 17	21	08.433  3888  4799 W AccessNetworkUtils	 Band and the range of EARFCN are not consistent	 band = 66 ,earfcn = 0 ,isUplink = true
[REDACTED_PATH] (1).txt	2453			12-03 17	21	08.450  2572  2774 W AccessNetworkUtils	 Band and the range of EARFCN are not consistent	 band = 66 ,earfcn = 0 ,isUplink = false
[REDACTED_PATH] (1).txt	2454			12-03 17	21	08.450  2572  2774 W AccessNetworkUtils	 Band and the range of EARFCN are not consistent	 band = 66 ,earfcn = 0 ,isUplink = true
[REDACTED_PATH] (1).txt	2455			12-03 17	21	08.450  2572  2774 W AccessNetworkUtils	 Band and the range of EARFCN are not consistent	 band = 66 ,earfcn = 0 ,isUplink = false
[REDACTED_PATH] (1).txt	2456			12-03 17	21	08.450  2572  2774 W AccessNetworkUtils	 Band and the range of EARFCN are not consistent	 band = 66 ,earfcn = 0 ,isUplink = true
[REDACTED_PATH] (1).txt	2457			12-03 17	21	08.450  3888  4750 W AccessNetworkUtils	 Band and the range of EARFCN are not consistent	 band = 66 ,earfcn = 0 ,isUplink = false
[REDACTED_PATH] (1).txt	2458			12-03 17	21	08.450  3888  4750 W AccessNetworkUtils	 Band and the range of EARFCN are not consistent	 band = 66 ,earfcn = 0 ,isUplink = true
[REDACTED_PATH] (1).txt	3015			12-03 17	21	35.595  3888  4899 W AccessNetworkUtils	 Band and the range of EARFCN are not consistent	 band = 66 ,earfcn = 0 ,isUplink = false
[REDACTED_PATH] (1).txt	3016			12-03 17	21	35.595  3888  4899 W AccessNetworkUtils	 Band and the range of EARFCN are not consistent	 band = 66 ,earfcn = 0 ,isUplink = true
[REDACTED_PATH] (1).txt	3017			12-03 17	21	35.595  3888  4899 W AccessNetworkUtils	 Band and the range of EARFCN are not consistent	 band = 5 ,earfcn = 0 ,isUplink = false
[REDACTED_PATH] (1).txt	3018			12-03 17	21	35.595  3888  4899 W AccessNetworkUtils	 Band and the range of EARFCN are not consistent	 band = 5 ,earfcn = 0 ,isUplink = true
[REDACTED_PATH] (1).txt	3019			12-03 17	21	35.595  3888  4899 W AccessNetworkUtils	 Band and the range of EARFCN are not consistent	 band = 2 ,earfcn = 0 ,isUplink = false
[REDACTED_PATH] (1).txt	3020			12-03 17	21	35.595  3888  4899 W AccessNetworkUtils	 Band and the range of EARFCN are not consistent	 band = 2 ,earfcn = 0 ,isUplink = true
[REDACTED_PATH] (1).txt	3032			12-03 17	21	35.606  2572  3925 W AccessNetworkUtils	 Band and the range of EARFCN are not consistent	 band = 66 ,earfcn = 0 ,isUplink = false
[REDACTED_PATH] (1).txt	3033			12-03 17	21	35.606  2572  3925 W AccessNetworkUtils	 Band and the range of EARFCN are not consistent	 band = 66 ,earfcn = 0 ,isUplink = true
[REDACTED_PATH] (1).txt	3034			12-03 17	21	35.606  2572  3925 W AccessNetworkUtils	 Band and the range of EARFCN are not consistent	 band = 5 ,earfcn = 0 ,isUplink = false
[REDACTED_PATH] (1).txt	3035			12-03 17	21	35.606  2572  3925 W AccessNetworkUtils	 Band and the range of EARFCN are not consistent	 band = 5 ,earfcn = 0 ,isUplink = true
[REDACTED_PATH] (1).txt	3036			12-03 17	21	35.606  2572  3925 W AccessNetworkUtils	 Band and the range of EARFCN are not consistent	 band = 2 ,earfcn = 0 ,isUplink = false
[REDACTED_PATH] (1).txt	3037			12-03 17	21	35.606  2572  3925 W AccessNetworkUtils	 Band and the range of EARFCN are not consistent	 band = 2 ,earfcn = 0 ,isUplink = true
[REDACTED_PATH] (1).txt	3038			12-03 17	21	35.606  2572  3925 W AccessNetworkUtils	 Band and the range of EARFCN are not consistent	 band = 66 ,earfcn = 0 ,isUplink = false
[REDACTED_PATH] (1).txt	3039			12-03 17	21	35.606  2572  3925 W AccessNetworkUtils	 Band and the range of EARFCN are not consistent	 band = 66 ,earfcn = 0 ,isUplink = true
[REDACTED_PATH] (1).txt	3040			12-03 17	21	35.606  2572  3925 W AccessNetworkUtils	 Band and the range of EARFCN are not consistent	 band = 5 ,earfcn = 0 ,isUplink = false
[REDACTED_PATH] (1).txt	3041			12-03 17	21	35.606  2572  3925 W AccessNetworkUtils	 Band and the range of EARFCN are not consistent	 band = 5 ,earfcn = 0 ,isUplink = true
[REDACTED_PATH] (1).txt	3042			12-03 17	21	35.606  2572  3925 W AccessNetworkUtils	 Band and the range of EARFCN are not consistent	 band = 2 ,earfcn = 0 ,isUplink = false
[REDACTED_PATH] (1).txt	3043			12-03 17	21	35.606  2572  3925 W AccessNetworkUtils	 Band and the range of EARFCN are not consistent	 band = 2 ,earfcn = 0 ,isUplink = true
[REDACTED_PATH] (1).txt	3058			12-03 17	21	35.612  3888  4536 W AccessNetworkUtils	 Band and the range of EARFCN are not consistent	 band = 66 ,earfcn = 0 ,isUplink = false
[REDACTED_PATH] (1).txt	3059			12-03 17	21	35.612  3888  4536 W AccessNetworkUtils	 Band and the range of EARFCN are not consistent	 band = 66 ,earfcn = 0 ,isUplink = true
[REDACTED_PATH] (1).txt	3060			12-03 17	21	35.612  3888  4536 W AccessNetworkUtils	 Band and the range of EARFCN are not consistent	 band = 5 ,earfcn = 0 ,isUplink = false
[REDACTED_PATH] (1).txt	3061			12-03 17	21	35.612  3888  4536 W AccessNetworkUtils	 Band and the range of EARFCN are not consistent	 band = 5 ,earfcn = 0 ,isUplink = true
[REDACTED_PATH] (1).txt	3062			12-03 17	21	35.612  3888  4536 W AccessNetworkUtils	 Band and the range of EARFCN are not consistent	 band = 2 ,earfcn = 0 ,isUplink = false
[REDACTED_PATH] (1).txt	3063			12-03 17	21	35.612  3888  4536 W AccessNetworkUtils	 Band and the range of EARFCN are not consistent	 band = 2 ,earfcn = 0 ,isUplink = true
[REDACTED_PATH] (1).txt	3355			12-03 17	21	50.953  3888  4802 W AccessNetworkUtils	 Band and the range of EARFCN are not consistent	 band = 66 ,earfcn = 0 ,isUplink = false
[REDACTED_PATH] (1).txt	3356			12-03 17	21	50.953  3888  4802 W AccessNetworkUtils	 Band and the range of EARFCN are not consistent	 band = 66 ,earfcn = 0 ,isUplink = true
[REDACTED_PATH] (1).txt	3383			12-03 17	21	50.984  2572  4283 W AccessNetworkUtils	 Band and the range of EARFCN are not consistent	 band = 66 ,earfcn = 0 ,isUplink = false
[REDACTED_PATH] (1).txt	3384			12-03 17	21	50.984  2572  4283 W AccessNetworkUtils	 Band and the range of EARFCN are not consistent	 band = 66 ,earfcn = 0 ,isUplink = true
[REDACTED_PATH] (1).txt	3385			12-03 17	21	50.984  2572  4283 W AccessNetworkUtils	 Band and the range of EARFCN are not consistent	 band = 66 ,earfcn = 0 ,isUplink = false
[REDACTED_PATH] (1).txt	3386			12-03 17	21	50.984  2572  4283 W AccessNetworkUtils	 Band and the range of EARFCN are not consistent	 band = 66 ,earfcn = 0 ,isUplink = true
[REDACTED_PATH] (1).txt	3387			12-03 17	21	50.984  3888  4802 W AccessNetworkUtils	 Band and the range of EARFCN are not consistent	 band = 66 ,earfcn = 0 ,isUplink = false
[REDACTED_PATH] (1).txt	3388			12-03 17	21	50.984  3888  4802 W AccessNetworkUtils	 Band and the range of EARFCN are not consistent	 band = 66 ,earfcn = 0 ,isUplink = true
[REDACTED_PATH] (1).txt	4783			12-03 17	23	29.030  3888  4806 W AccessNetworkUtils	 Band and the range of EARFCN are not consistent	 band = 66 ,earfcn = 0 ,isUplink = false
[REDACTED_PATH] (1).txt	4784			12-03 17	23	29.030  3888  4806 W AccessNetworkUtils	 Band and the range of EARFCN are not consistent	 band = 66 ,earfcn = 0 ,isUplink = true
[REDACTED_PATH] (1).txt	4785			12-03 17	23	29.030  3888  4806 W AccessNetworkUtils	 Band and the range of EARFCN are not consistent	 band = 5 ,earfcn = 0 ,isUplink = false
[REDACTED_PATH] (1).txt	4786			12-03 17	23	29.030  3888  4806 W AccessNetworkUtils	 Band and the range of EARFCN are not consistent	 band = 5 ,earfcn = 0 ,isUplink = true
[REDACTED_PATH] (1).txt	4787			12-03 17	23	29.031  3888  4806 W AccessNetworkUtils	 Band and the range of EARFCN are not consistent	 band = 2 ,earfcn = 0 ,isUplink = false
[REDACTED_PATH] (1).txt	4788			12-03 17	23	29.031  3888  4806 W AccessNetworkUtils	 Band and the range of EARFCN are not consistent	 band = 2 ,earfcn = 0 ,isUplink = true
[REDACTED_PATH] (1).txt	4812			12-03 17	23	29.057  2572  4351 W AccessNetworkUtils	 Band and the range of EARFCN are not consistent	 band = 66 ,earfcn = 0 ,isUplink = false
[REDACTED_PATH] (1).txt	4813			12-03 17	23	29.057  2572  4351 W AccessNetworkUtils	 Band and the range of EARFCN are not consistent	 band = 66 ,earfcn = 0 ,isUplink = true
[REDACTED_PATH] (1).txt	4814			12-03 17	23	29.057  2572  4351 W AccessNetworkUtils	 Band and the range of EARFCN are not consistent	 band = 5 ,earfcn = 0 ,isUplink = false
[REDACTED_PATH] (1).txt	4815			12-03 17	23	29.057  2572  4351 W AccessNetworkUtils	 Band and the range of EARFCN are not consistent	 band = 5 ,earfcn = 0 ,isUplink = true
[REDACTED_PATH] (1).txt	4816			12-03 17	23	29.057  2572  4351 W AccessNetworkUtils	 Band and the range of EARFCN are not consistent	 band = 2 ,earfcn = 0 ,isUplink = false
[REDACTED_PATH] (1).txt	4817			12-03 17	23	29.057  2572  4351 W AccessNetworkUtils	 Band and the range of EARFCN are not consistent	 band = 2 ,earfcn = 0 ,isUplink = true
[REDACTED_PATH] (1).txt	4818			12-03 17	23	29.057  2572  4351 W AccessNetworkUtils	 Band and the range of EARFCN are not consistent	 band = 66 ,earfcn = 0 ,isUplink = false
[REDACTED_PATH] (1).txt	4819			12-03 17	23	29.057  2572  4351 W AccessNetworkUtils	 Band and the range of EARFCN are not consistent	 band = 66 ,earfcn = 0 ,isUplink = true
[REDACTED_PATH] (1).txt	4820			12-03 17	23	29.057  2572  4351 W AccessNetworkUtils	 Band and the range of EARFCN are not consistent	 band = 5 ,earfcn = 0 ,isUplink = false
[REDACTED_PATH] (1).txt	4821			12-03 17	23	29.057  2572  4351 W AccessNetworkUtils	 Band and the range of EARFCN are not consistent	 band = 5 ,earfcn = 0 ,isUplink = true
[REDACTED_PATH] (1).txt	4822			12-03 17	23	29.057  2572  4351 W AccessNetworkUtils	 Band and the range of EARFCN are not consistent	 band = 2 ,earfcn = 0 ,isUplink = false
[REDACTED_PATH] (1).txt	4823			12-03 17	23	29.057  2572  4351 W AccessNetworkUtils	 Band and the range of EARFCN are not consistent	 band = 2 ,earfcn = 0 ,isUplink = true
[REDACTED_PATH] (1).txt	4824			12-03 17	23	29.058  3888  4799 W AccessNetworkUtils	 Band and the range of EARFCN are not consistent	 band = 66 ,earfcn = 0 ,isUplink = false
[REDACTED_PATH] (1).txt	4825			12-03 17	23	29.058  3888  4799 W AccessNetworkUtils	 Band and the range of EARFCN are not consistent	 band = 66 ,earfcn = 0 ,isUplink = true
[REDACTED_PATH] (1).txt	4826			12-03 17	23	29.058  3888  4799 W AccessNetworkUtils	 Band and the range of EARFCN are not consistent	 band = 5 ,earfcn = 0 ,isUplink = false
[REDACTED_PATH] (1).txt	4827			12-03 17	23	29.058  3888  4799 W AccessNetworkUtils	 Band and the range of EARFCN are not consistent	 band = 5 ,earfcn = 0 ,isUplink = true
[REDACTED_PATH] (1).txt	4828			12-03 17	23	29.058  3888  4799 W AccessNetworkUtils	 Band and the range of EARFCN are not consistent	 band = 2 ,earfcn = 0 ,isUplink = false
[REDACTED_PATH] (1).txt	4829			12-03 17	23	29.058  3888  4799 W AccessNetworkUtils	 Band and the range of EARFCN are not consistent	 band = 2 ,earfcn = 0 ,isUplink = true
[REDACTED_PATH] (1).txt	5296			12-03 17	23	48.305  3888  3912 W AccessNetworkUtils	 Band and the range of EARFCN are not consistent	 band = 66 ,earfcn = 0 ,isUplink = false
[REDACTED_PATH] (1).txt	5297			12-03 17	23	48.305  3888  3912 W AccessNetworkUtils	 Band and the range of EARFCN are not consistent	 band = 66 ,earfcn = 0 ,isUplink = true
