path	type	ext	size_bytes	executable	shebang	first_line
/storage/emulated/0/Verizon_Public_Case/core/net_evidence_core/net_evidence_20260115T061839Z/_run.log	file	log	213	no	no	outdir=/data/data/com.termux/files/home/storage/shared/net_evidence_20260115T061839Z
/storage/emulated/0/Verizon_Public_Case/core/net_evidence_core/net_evidence_20260115T061839Z/summary.txt	file	txt	32	no	no	=== summary (computed Mbps) ===
/storage/emulated/0/Verizon_Public_Case/core/net_evidence_core/net_evidence_20260115T061839Z/state.txt	file	txt	10283	no	no	=== date -u ===
/storage/emulated/0/Verizon_Public_Case/core/net_evidence_core/net_evidence_20260115T061839Z/probes.txt	file	txt	27	no	no	iface= SKIP(no inet/inet6)
/storage/emulated/0/Verizon_Public_Case/core/net_evidence_core/net_evidence_20260115T062851Z/_run.log	file	log	213	no	no	outdir=/data/data/com.termux/files/home/storage/shared/net_evidence_20260115T062851Z
/storage/emulated/0/Verizon_Public_Case/core/net_evidence_core/net_evidence_20260115T062851Z/summary.txt	file	txt	32	no	no	=== summary (computed Mbps) ===
/storage/emulated/0/Verizon_Public_Case/core/net_evidence_core/net_evidence_20260115T062851Z/state.txt	file	txt	10283	no	no	=== date -u ===
/storage/emulated/0/Verizon_Public_Case/core/net_evidence_core/net_evidence_20260115T062851Z/probes.txt	file	txt	27	no	no	iface= SKIP(no inet/inet6)
/storage/emulated/0/Verizon_Public_Case/core/net_evidence_core/net_evidence_20260115T063331Z/_run.log	file	log	417	no	no	outdir=/data/data/com.termux/files/home/storage/shared/net_evidence_20260115T063331Z
/storage/emulated/0/Verizon_Public_Case/core/net_evidence_core/net_evidence_20260115T063331Z/summary.txt	file	txt	32	no	no	=== summary (computed Mbps) ===
/storage/emulated/0/Verizon_Public_Case/core/net_evidence_core/net_evidence_20260115T063331Z/state.txt	file	txt	11417	no	no	=== date -u ===
/storage/emulated/0/Verizon_Public_Case/core/net_evidence_core/net_evidence_20260115T063331Z/probes.txt	file	txt	821	no	no	=== iface= ===
/storage/emulated/0/Verizon_Public_Case/core/net_evidence_core/net_evidence_20260115T063903Z/_run.log	file	log	417	no	no	outdir=/data/data/com.termux/files/home/storage/shared/net_evidence_20260115T063903Z
/storage/emulated/0/Verizon_Public_Case/core/net_evidence_core/net_evidence_20260115T063903Z/summary.txt	file	txt	32	no	no	=== summary (computed Mbps) ===
/storage/emulated/0/Verizon_Public_Case/core/net_evidence_core/net_evidence_20260115T063903Z/state.txt	file	txt	11417	no	no	=== date -u ===
/storage/emulated/0/Verizon_Public_Case/core/net_evidence_core/net_evidence_20260115T063903Z/probes.txt	file	txt	821	no	no	=== iface= ===
/storage/emulated/0/Verizon_Public_Case/core/net_evidence_core/net_evidence_20260115T064054Z/_run.log	file	log	417	no	no	outdir=/data/data/com.termux/files/home/storage/shared/net_evidence_20260115T064054Z
/storage/emulated/0/Verizon_Public_Case/core/net_evidence_core/net_evidence_20260115T064054Z/summary.txt	file	txt	32	no	no	=== summary (computed Mbps) ===
/storage/emulated/0/Verizon_Public_Case/core/net_evidence_core/net_evidence_20260115T064054Z/state.txt	file	txt	11417	no	no	=== date -u ===
/storage/emulated/0/Verizon_Public_Case/core/net_evidence_core/net_evidence_20260115T064054Z/probes.txt	file	txt	821	no	no	=== iface= ===
/storage/emulated/0/Verizon_Public_Case/core/net_evidence_core/net_evidence_20260115T064130Z/_run.log	file	log	417	no	no	outdir=/data/data/com.termux/files/home/storage/shared/net_evidence_20260115T064130Z
/storage/emulated/0/Verizon_Public_Case/core/net_evidence_core/net_evidence_20260115T064130Z/summary.txt	file	txt	32	no	no	=== summary (computed Mbps) ===
/storage/emulated/0/Verizon_Public_Case/core/net_evidence_core/net_evidence_20260115T064130Z/state.txt	file	txt	11417	no	no	=== date -u ===
/storage/emulated/0/Verizon_Public_Case/core/net_evidence_core/net_evidence_20260115T064130Z/probes.txt	file	txt	821	no	no	=== iface= ===
/storage/emulated/0/Verizon_Public_Case/core/net_evidence_core/net_evidence_20260115T065405Z/_run.log	file	log	417	no	no	outdir=/data/data/com.termux/files/home/storage/shared/net_evidence_20260115T065405Z
/storage/emulated/0/Verizon_Public_Case/core/net_evidence_core/net_evidence_20260115T065405Z/summary.txt	file	txt	32	no	no	=== summary (computed Mbps) ===
/storage/emulated/0/Verizon_Public_Case/core/net_evidence_core/net_evidence_20260115T065405Z/state.txt	file	txt	11413	no	no	=== date -u ===
/storage/emulated/0/Verizon_Public_Case/core/net_evidence_core/net_evidence_20260115T065405Z/probes.txt	file	txt	821	no	no	=== iface= ===
/storage/emulated/0/Verizon_Public_Case/core/pcap_summaries/PCAPBOTH.txt	file	txt	2219	no	no	POST /api/data?sv=hw-2.4.0&tk=KKbQsFivnOQYa%2BNyTwv5ng%3D%3D&token=1811dde5e9bfe2a6fb714400ed6b12afb7d51e45ab5485d04db00b86aac3093a HTTP/1.1 
/storage/emulated/0/Verizon_Public_Case/core/pcap_summaries/PCAPBoth1.txt	file	txt	538	no	no	HTTP/1.1 200 OK 
/storage/emulated/0/Verizon_Public_Case/core/pcap_summaries/PCAPdroid_14_Aug_11_30_02.csv	file	csv	18477	no	no	IPProto,SrcIP,SrcPort,DstIp,DstPort,UID,App,PackageName,Proto,Status,Info,BytesSent,BytesRcvd,PktsSent,PktsRcvd,FirstSeen,LastSeen,Malicious
/storage/emulated/0/Verizon_Public_Case/raw_candidates/evidence_telereg_20260115T071837Z.txt	file	txt	131357	no	no	source=/data/data/com.termux/files/home/telereg_summary_20260115T070246Z.txt
/storage/emulated/0/Verizon_Public_Case/evidence/network_state/redacted/net_evidence_20260115T065405Z/dumpsys_connectivity_rish.redacted.txt	file	txt	214532	no	no	NetworkProviders for:
/storage/emulated/0/Verizon_Public_Case/evidence/network_state/redacted/net_evidence_20260115T065405Z/rish_ip.redacted.txt	file	txt	10321	no	no	uid=2000(shell) gid=2000(shell) groups=2000(shell),1004(input),1007(log),1011(adb),1015(sdcard_rw),1028(sdcard_r),1078(ext_data_rw),1079(ext_obb_rw),3001(net_bt_admin),3002(net_bt),3003(inet),3006(net_bw_stats),3009(readproc),3011(uhid),3012(readtracefs) context=u:r:shell:s0
/storage/emulated/0/Verizon_Public_Case/evidence/network_state/redacted/net_evidence_20260115T065405Z/README.md	doc	md	678	no	no	# Redacted network evidence
/storage/emulated/0/Verizon_Public_Case/evidence/network_state/redacted/2026-03-21/apn.tsv	file	tsv	26856227	no	no	[REDACTED_PATH] 15   • Your telephony state shows the default data APN is carrier-controlled and marked CARRIER_EDITED, not user-edited.
/storage/emulated/0/Verizon_Public_Case/evidence/network_state/redacted/2026-03-21/validation.tsv	file	tsv	16464314	no	no	[REDACTED_PATH] 27       mPreciseDataConnectionStates={Pair{1 [ApnSetting] Verizon Internet, 7335, 311480, VZWINTERNET, , null, , null, null, 0, supl | dun | hipri | default, IPV4V6, IP, true, 0, true, [REDACTED_COORDS], 300, [REDACTED_COORDS], gid, BAE0000000000000, false, GPRS|EDGE|UMTS|HSDPA|HSUPA|HSPA|LTE|CDMA - eHRPD|HSPA+|GSM|IWLAN|LTE_CA|NR, UNKNOWN, [REDACTED_COORDS], 1, false, 3, 961, false, CARRIER_EDITED}= state  CONNECTED, transport  WWAN, id  2, netId  127, network type  NR, APN Setting  [ApnSetting] Verizon Internet, 7335, 311480, VZWINTERNET, , null, , null, null, 0, supl | dun | hipri | default, IPV4V6, IP, true, 0, true, [REDACTED_COORDS], 300, [REDACTED_COORDS], gid, BAE0000000000000, false, GPRS|EDGE|UMTS|HSDPA|HSUPA|HSPA|LTE|CDMA - eHRPD|HSPA+|GSM|IWLAN|LTE_CA|NR, UNKNOWN, [REDACTED_COORDS], 1, false, 3, 961, false, CARRIER_EDITED, link properties  {InterfaceName  rmnet_data1 LinkAddresses  [ [REDACTED_IPV4]/29,2600 100a b061 ed22 3c54 a3b2 fec9 9f6d/64 ] DnsAddresses  [ /2001 4888 38 ff00 322 d  ,/[REDACTED_IPV4],/2001 4888 3c ff00 325 d  ,/[REDACTED_IPV4] ] Domains  null MTU  1428 TcpBufferSizes  2097152,6291456,16777216,512000,2097152,8388608 Routes  [ [REDACTED_IPV4]/0 -> [REDACTED_IPV4] rmnet_data1 mtu 1428,  /0 -> fe80  3 rmnet_data1 mtu 1428 ]}, default QoS  EpsQos { qosClassId=0 downlink=Bandwidth { maxBitrateKbps=0 guaranteedBitrateKbps=0} uplink=Bandwidth { maxBitrateKbps=0 guaranteedBitrateKbps=0}}, fail cause  NONE(0x0), network validation status  unsupported, Pair{1 [ApnSetting] Verizon IMS, 7337, 311480, IMS, , null, , null, null, 0, ims | ia, IPV4V6, IPV6, true, 2, true, [REDACTED_COORDS], 300, [REDACTED_COORDS], gid, BAE0000000000000, false, GPRS|EDGE|UMTS|HSDPA|HSUPA|HSPA|LTE|CDMA - eHRPD|HSPA+|GSM|IWLAN|LTE_CA|NR, UNKNOWN, [REDACTED_COORDS], 1, false, 3, 961, false, UNEDITED}= state  CONNECTED, transport  WWAN, id  1, netId  128, network type  NR, APN Setting  [ApnSetting] Verizon IMS, 7337, 311480, IMS, , null, , null, null, 0, ims | ia, IPV4V6, IPV6, true, 2, true, [REDACTED_COORDS], 300, [REDACTED_COORDS], gid, BAE0000000000000, false, GPRS|EDGE|UMTS|HSDPA|HSUPA|HSPA|LTE|CDMA - eHRPD|HSPA+|GSM|IWLAN|LTE_CA|NR, UNKNOWN, [REDACTED_COORDS], 1, false, 3, 961, false, UNEDITED, link properties  {InterfaceName  rmnet_data0 LinkAddresses  [ 2600 100a 105c bf63 d5de 972e ec27 c484/64 ] DnsAddresses  [ /2001 4888 38 ff00 322 d  ,/2001 4888 3c ff00 325 d   ] PcscfAddresses  [ /2001 4888 5 fe01 e0 104 0 33d,/2001 4888 2 3107 a0 104 0 4433,/2001 4888 5 fe01 e0 104 0 349 ] Domains  null MTU  1428 TcpBufferSizes  2097152,6291456,16777216,512000,2097152,8388608 Routes  [   /0 -> fe80  2 rmnet_data0 mtu 1428 ]}, default QoS  EpsQos { qosClassId=0 downlink=Bandwidth { maxBitrateKbps=800000000 guaranteedBitrateKbps=8} uplink=Bandwidth { maxBitrateKbps=800000000 guaranteedBitrateKbps=8}}, fail cause  NONE(0x0), network validation status  unsupported}
/storage/emulated/0/Verizon_Public_Case/evidence/network_state/redacted/2026-03-21/pco_activation.tsv	file	tsv	532882	no	no	[REDACTED_PATH] 818               carrier_app_wake_signal_config = [com.sec.android.app.setupwizard/com.samsung.vzw.activationagent.receiver.CarrierSignalRedirectedReceiver com.android.internal.telephony.CARRIER_SIGNAL_REDIRECTED, com.android.carrierdefaultapp/.CarrierDefaultBroadcastReceiver com.android.internal.telephony.CARRIER_SIGNAL_RESET, com.sec.android.app.setupwizard/com.samsung.vzw.activationagent.receiver.PcoBroadcastReceiver com.android.internal.telephony.CARRIER_SIGNAL_PCO_VALUE, com.sec.imsservice/com.sec.internal.ims.imsservice.ImsIntentReceiver com.android.internal.telephony.CARRIER_SIGNAL_PCO_VALUE, com.samsung.android.app.telephonyui/.netsettings.ui.simcardmanager.PcoValueReceiver android.telephony.action.CARRIER_SIGNAL_PCO_VALUE]
/storage/emulated/0/Verizon_Public_Case/evidence/network_state/redacted/2026-03-21/ims.tsv	file	tsv	43238412	no	no	[REDACTED_PATH] 52   [REDACTED_PATH] IMS_VoLTE Provisioning Drift Analysis.docx
/storage/emulated/0/Verizon_Public_Case/evidence/network_state/redacted/2026-03-21/instability.tsv	file	tsv	15883188	no	no	[REDACTED_PATH] 123     2026-01-30T19 36 36.374580 - notifyDataConnectionForSubscriber  phoneId=0 subId=4  state  DISCONNECTED, transport  WWAN, id  2, netId  116, network type  LTE, APN Setting  [ApnSetting] Verizon Internet, 7335, 311480, VZWINTERNET, , null, , null, null, 0, supl | dun | hipri | default, IPV4V6, IP, true, 0, true, [REDACTED_COORDS], 300, [REDACTED_COORDS], gid, BAE0000000000000, false, GPRS|EDGE|UMTS|HSDPA|HSUPA|HSPA|LTE|CDMA - eHRPD|HSPA+|GSM|IWLAN|LTE_CA|NR, UNKNOWN, [REDACTED_COORDS], 1, false, 3, 961, false, CARRIER_EDITED, link properties  {InterfaceName  rmnet_data1 LinkAddresses  [ [REDACTED_IPV4]/30 ] DnsAddresses  [ /[REDACTED_IPV4],/[REDACTED_IPV4] ] Domains  null MTU  1428 TcpBufferSizes  2097152,4194304,8388608,262144,524288,1048576 Routes  [ [REDACTED_IPV4]/0 -> [REDACTED_IPV4] rmnet_data1 mtu 1428 ]}, default QoS  EpsQos { qosClassId=0 downlink=Bandwidth { maxBitrateKbps=800000000 guaranteedBitrateKbps=8} uplink=Bandwidth { maxBitrateKbps=800000000 guaranteedBitrateKbps=8}}, fail cause  LOST_CONNECTION(0x10004), network validation status  unsupported
/storage/emulated/0/Verizon_Public_Case/evidence/network_state/redacted/2026-03-21/qos_rf.tsv	file	tsv	823164	no	no	[REDACTED_PATH] 101   12-13 00 05 26.799 W/AccessNetworkUtils( 3997)  Band and the range of EARFCN are not consistent  band = 66 ,earfcn = 0 ,isUplink = false
/storage/emulated/0/Verizon_Public_Case/evidence/network_state/redacted/2026-03-21/all_hits.tsv	file	tsv	75545359	no	no	[REDACTED_PATH] 52   [REDACTED_PATH] IMS_VoLTE Provisioning Drift Analysis.docx
/storage/emulated/0/Verizon_Public_Case/evidence/network_state/redacted/2026-03-21/run.stdout.txt	file	txt	352	no	no	[INFO] Root: [REDACTED_PATH]
/storage/emulated/0/Verizon_Public_Case/evidence/network_state/redacted/2026-03-21/file_list.txt	file	txt	1210	no	no	[REDACTED_PATH] short_123.txt
/storage/emulated/0/Verizon_Public_Case/evidence/network_state/redacted/2026-03-21/01_apn_top.tsv	file	tsv	162536	no	no	[REDACTED_PATH] 15   • Your telephony state shows the default data APN is carrier-controlled and marked CARRIER_EDITED, not user-edited.
/storage/emulated/0/Verizon_Public_Case/evidence/network_state/redacted/2026-03-21/02_validation_top.tsv	file	tsv	347551	no	no	[REDACTED_PATH] 3   01-31 10 28 38.012 D/DN-145-C( 3905)  ConnectedState  onDataStateChanged  DataCallResponse  { cause=NONE(0x0) retry=-1 cid=3 linkStatus=1 protocolType=2 ifname=rmnet_data2 addresses=[[REDACTED_IPV4]/29, 2600 100a b061 ed22 4836 cdc 1214 1854/64] dnses=[/2001 4888 38 ff00 322 d  , /[REDACTED_IPV4], /2001 4888 3c ff00 325 d  , /[REDACTED_IPV4]] gateways=[/[REDACTED_IPV4], /fe80  4] pcscf=[] mtu=1428 mtuV4=1428 mtuV6=1428 handoverFailureMode=retry setup new one pduSessionId=0 defaultQos=EpsQos { qosClassId=0 downlink=Bandwidth { maxBitrateKbps=800000000 guaranteedBitrateKbps=8} uplink=Bandwidth { maxBitrateKbps=800000000 guaranteedBitrateKbps=8}} qosBearerSessions=[QosBearerSession { qosBearerSessionId=3133 qos=NrQos { fiveQi=8 downlink=Bandwidth { maxBitrateKbps=0 guaranteedBitrateKbps=8} uplink=Bandwidth { maxBitrateKbps=0 guaranteedBitrateKbps=8} qosFlowId=0 averagingWindowMs=0} qosBearerFilterList=[QosBearerFilter { localAddresses=[] remoteAddresses=[] localPort=null remotePort=null protocol=-1 typeOfServiceMask=-1 flowLabel=-1 securityParameterIndex=-1 filterDirection=1 precedence=255}]}] sliceInfo=SliceInfo{mSliceServiceType=NONE, mSliceDifferentiator=-1, mMappedHplmnSliceServiceType=NONE, mMappedHplmnSliceDifferentiator=-1, mStatus=UNKNOWN} trafficDescriptors=[TrafficDescriptor={mDnn=VZWINTERNET, null}] networkValidationStatus=unsupported}
/storage/emulated/0/Verizon_Public_Case/evidence/network_state/redacted/2026-03-21/03_pco_top.tsv	file	tsv	82993	no	no	[REDACTED_PATH] 818               carrier_app_wake_signal_config = [com.sec.android.app.setupwizard/com.samsung.vzw.activationagent.receiver.CarrierSignalRedirectedReceiver com.android.internal.telephony.CARRIER_SIGNAL_REDIRECTED, com.android.carrierdefaultapp/.CarrierDefaultBroadcastReceiver com.android.internal.telephony.CARRIER_SIGNAL_RESET, com.sec.android.app.setupwizard/com.samsung.vzw.activationagent.receiver.PcoBroadcastReceiver com.android.internal.telephony.CARRIER_SIGNAL_PCO_VALUE, com.sec.imsservice/com.sec.internal.ims.imsservice.ImsIntentReceiver com.android.internal.telephony.CARRIER_SIGNAL_PCO_VALUE, com.samsung.android.app.telephonyui/.netsettings.ui.simcardmanager.PcoValueReceiver android.telephony.action.CARRIER_SIGNAL_PCO_VALUE]
/storage/emulated/0/Verizon_Public_Case/evidence/network_state/redacted/2026-03-21/04_instability_top.tsv	file	tsv	327247	no	no	[REDACTED_PATH] 123     2026-01-30T19 36 36.374580 - notifyDataConnectionForSubscriber  phoneId=0 subId=4  state  DISCONNECTED, transport  WWAN, id  2, netId  116, network type  LTE, APN Setting  [ApnSetting] Verizon Internet, 7335, 311480, VZWINTERNET, , null, , null, null, 0, supl | dun | hipri | default, IPV4V6, IP, true, 0, true, [REDACTED_COORDS], 300, [REDACTED_COORDS], gid, BAE0000000000000, false, GPRS|EDGE|UMTS|HSDPA|HSUPA|HSPA|LTE|CDMA - eHRPD|HSPA+|GSM|IWLAN|LTE_CA|NR, UNKNOWN, [REDACTED_COORDS], 1, false, 3, 961, false, CARRIER_EDITED, link properties  {InterfaceName  rmnet_data1 LinkAddresses  [ [REDACTED_IPV4]/30 ] DnsAddresses  [ /[REDACTED_IPV4],/[REDACTED_IPV4] ] Domains  null MTU  1428 TcpBufferSizes  2097152,4194304,8388608,262144,524288,1048576 Routes  [ [REDACTED_IPV4]/0 -> [REDACTED_IPV4] rmnet_data1 mtu 1428 ]}, default QoS  EpsQos { qosClassId=0 downlink=Bandwidth { maxBitrateKbps=800000000 guaranteedBitrateKbps=8} uplink=Bandwidth { maxBitrateKbps=800000000 guaranteedBitrateKbps=8}}, fail cause  LOST_CONNECTION(0x10004), network validation status  unsupported
/storage/emulated/0/Verizon_Public_Case/evidence/network_state/redacted/2026-03-21/05_qos_rf_top.tsv	file	tsv	41029	no	no	[REDACTED_PATH] 101   12-13 00 05 26.799 W/AccessNetworkUtils( 3997)  Band and the range of EARFCN are not consistent  band = 66 ,earfcn = 0 ,isUplink = false
/storage/emulated/0/Verizon_Public_Case/evidence/network_state/redacted/2026-03-21/06_multisignal_excerpt.tsv	file	tsv	1162107	no	no	[REDACTED_PATH]    mPreciseDataConnectionStates={Pair{1 [ApnSetting] Verizon Internet, 7335, 311480, VZWINTERNET, , null, , null, null, 0, supl | dun | hipri | default, IPV4V6, IP, true, 0, true, [REDACTED_COORDS], 300, [REDACTED_COORDS], gid, BAE0000000000000, false, GPRS|EDGE|UMTS|HSDPA|HSUPA|HSPA|LTE|CDMA - eHRPD|HSPA+|GSM|IWLAN|LTE_CA|NR, UNKNOWN, [REDACTED_COORDS], 1, false, 3, 961, false, CARRIER_EDITED}= state: CONNECTED, transport: WWAN, id: 2, netId: 127, network type: NR, APN Setting: [ApnSetting] Verizon Internet, 7335, 311480, VZWINTERNET, , null, , null, null, 0, supl | dun | hipri | default, IPV4V6, IP, true, 0, true, [REDACTED_COORDS], 300, [REDACTED_COORDS], gid, BAE0000000000000, false, GPRS|EDGE|UMTS|HSDPA|HSUPA|HSPA|LTE|CDMA - eHRPD|HSPA+|GSM|IWLAN|LTE_CA|NR, UNKNOWN, [REDACTED_COORDS], 1, false, 3, 961, false, CARRIER_EDITED, link properties: {InterfaceName: rmnet_data1 LinkAddresses: [ [REDACTED_IPV4]/29,[REDACTED_IPV6]/64 ] DnsAddresses: [ /[REDACTED_IPV6]::,/[REDACTED_IPV4],/[REDACTED_IPV6]::,/[REDACTED_IPV4] ] Domains: null MTU: 1428 TcpBufferSizes: 2097152,6291456,16777216,512000,2097152,8388608 Routes: [ [REDACTED_IPV4]/0 -> [REDACTED_IPV4] rmnet_data1 mtu 1428,::/0 -> [REDACTED_IPV6] rmnet_data1 mtu 1428 ]}, default QoS: EpsQos { qosClassId=0 downlink=Bandwidth { maxBitrateKbps=0 guaranteedBitrateKbps=0} uplink=Bandwidth { maxBitrateKbps=0 guaranteedBitrateKbps=0}}, fail cause: NONE(0x0), network validation status: unsupported, Pair{1 [ApnSetting] Verizon IMS, 7337, 311480, IMS, , null, , null, null, 0, ims | ia, IPV4V6, IPV6, true, 2, true, [REDACTED_COORDS], 300, [REDACTED_COORDS], gid, BAE0000000000000, false, GPRS|EDGE|UMTS|HSDPA|HSUPA|HSPA|LTE|CDMA - eHRPD|HSPA+|GSM|IWLAN|LTE_CA|NR, UNKNOWN, [REDACTED_COORDS], 1, false, 3, 961, false, UNEDITED}= state: CONNECTED, transport: WWAN, id: 1, netId: 128, network type: NR, APN Setting: [ApnSetting] Verizon IMS, 7337, 311480, IMS, , null, , null, null, 0, ims | ia, IPV4V6, IPV6, true, 2, true, [REDACTED_COORDS], 300, [REDACTED_COORDS], gid, BAE0000000000000, false, GPRS|EDGE|UMTS|HSDPA|HSUPA|HSPA|LTE|CDMA - eHRPD|HSPA+|GSM|IWLAN|LTE_CA|NR, UNKNOWN, [REDACTED_COORDS], 1, false, 3, 961, false, UNEDITED, link properties: {InterfaceName: rmnet_data0 LinkAddresses: [ [REDACTED_IPV6]/64 ] DnsAddresses: [ /[REDACTED_IPV6]::,/[REDACTED_IPV6]:: ] PcscfAddresses: [ /[REDACTED_IPV6],/[REDACTED_IPV6],/[REDACTED_IPV6] ] Domains: null MTU: 1428 TcpBufferSizes: 2097152,6291456,16777216,512000,2097152,8388608 Routes: [ ::/0 -> [REDACTED_IPV6] rmnet_data0 mtu 1428 ]}, default QoS: EpsQos { qosClassId=0 downlink=Bandwidth { maxBitrateKbps=800000000 guaranteedBitrateKbps=8} uplink=Bandwidth { maxBitrateKbps=800000000 guaranteedBitrateKbps=8}}, fail cause: NONE(0x0), network validation status: unsupported}
/storage/emulated/0/Verizon_Public_Case/SHA256SUMS_public_tree.txt	file	txt	12149	no	no	e3b0c44298fc1c149afbf4c8996fb92427ae41e4649b934ca495991b7852b855  ./SHA256SUMS_public_tree.txt
/storage/emulated/0/Verizon_Public_Case/README.md	doc	md	1078	no	no	# Verizon_Public_Case
/storage/emulated/0/Verizon_Public_Case/.gitignore	file	gitignore	391	no	no	# Keep raw, high-volume, or sensitive evidence local-only
/storage/emulated/0/Verizon_Public_Case/analysis/session_instability_analysis_2026-03-06.md	doc	md	7568	no	no	# Verizon Telephony / APN / Session Analysis
/storage/emulated/0/Verizon_Public_Case/analysis/daily_ingest/2026-03-21/PUBLIC_INGEST_SUMMARY_20260321_141008.md	doc	md	1002	no	no	# Public Ingest Summary — 2026-03-21
/storage/emulated/0/Verizon_Public_Case/manifests/daily_ingest/2026-03-21/ingest_manifest_20260321_141008.tsv	file	tsv	5868	no	no	src_path dest_path sha256_before sha256_after bytes_after
/storage/emulated/0/Verizon_Public_Case/manifests/daily_ingest/2026-03-21/redaction_report_20260321_141008.txt	file	txt	3597	no	no	[REDACTED] /data/data/com.termux/files/home/vz_reextract_20260321_132627/signals/apn.tsv -> /storage/emulated/0/Verizon_Public_Case/evidence/network_state/redacted/2026-03-21/apn.tsv
/storage/emulated/0/Verizon_Public_Case/manifests/daily_ingest/2026-03-21/residual_sensitive_hits_20260321_141008.txt	file	txt	969741	no	no	1:[REDACTED_PATH]    mPreciseDataConnectionStates={Pair{1 [ApnSetting] Verizon Internet, 7335, 311480, VZWINTERNET, , null, , null, null, 0, supl | dun | hipri | default, IPV4V6, IP, true, 0, true, [REDACTED_COORDS], 300, [REDACTED_COORDS], gid, BAE0000000000000, false, GPRS|EDGE|UMTS|HSDPA|HSUPA|HSPA|LTE|CDMA - eHRPD|HSPA+|GSM|IWLAN|LTE_CA|NR, UNKNOWN, [REDACTED_COORDS], 1, false, 3, 961, false, CARRIER_EDITED}= state: CONNECTED, transport: WWAN, id: 2, netId: 127, network type: NR, APN Setting: [ApnSetting] Verizon Internet, 7335, 311480, VZWINTERNET, , null, , null, null, 0, supl | dun | hipri | default, IPV4V6, IP, true, 0, true, [REDACTED_COORDS], 300, [REDACTED_COORDS], gid, BAE0000000000000, false, GPRS|EDGE|UMTS|HSDPA|HSUPA|HSPA|LTE|CDMA - eHRPD|HSPA+|GSM|IWLAN|LTE_CA|NR, UNKNOWN, [REDACTED_COORDS], 1, false, 3, 961, false, CARRIER_EDITED, link properties: {InterfaceName: rmnet_data1 LinkAddresses: [ [REDACTED_IPV4]/29,[REDACTED_IPV6]/64 ] DnsAddresses: [ /[REDACTED_IPV6]::,/[REDACTED_IPV4],/[REDACTED_IPV6]::,/[REDACTED_IPV4] ] Domains: null MTU: 1428 TcpBufferSizes: 2097152,6291456,16777216,512000,2097152,8388608 Routes: [ [REDACTED_IPV4]/0 -> [REDACTED_IPV4] rmnet_data1 mtu 1428,::/0 -> [REDACTED_IPV6] rmnet_data1 mtu 1428 ]}, default QoS: EpsQos { qosClassId=0 downlink=Bandwidth { maxBitrateKbps=0 guaranteedBitrateKbps=0} uplink=Bandwidth { maxBitrateKbps=0 guaranteedBitrateKbps=0}}, fail cause: NONE(0x0), network validation status: unsupported, Pair{1 [ApnSetting] Verizon IMS, 7337, 311480, IMS, , null, , null, null, 0, ims | ia, IPV4V6, IPV6, true, 2, true, [REDACTED_COORDS], 300, [REDACTED_COORDS], gid, BAE0000000000000, false, GPRS|EDGE|UMTS|HSDPA|HSUPA|HSPA|LTE|CDMA - eHRPD|HSPA+|GSM|IWLAN|LTE_CA|NR, UNKNOWN, [REDACTED_COORDS], 1, false, 3, 961, false, UNEDITED}= state: CONNECTED, transport: WWAN, id: 1, netId: 128, network type: NR, APN Setting: [ApnSetting] Verizon IMS, 7337, 311480, IMS, , null, , null, null, 0, ims | ia, IPV4V6, IPV6, true, 2, true, [REDACTED_COORDS], 300, [REDACTED_COORDS], gid, BAE0000000000000, false, GPRS|EDGE|UMTS|HSDPA|HSUPA|HSPA|LTE|CDMA - eHRPD|HSPA+|GSM|IWLAN|LTE_CA|NR, UNKNOWN, [REDACTED_COORDS], 1, false, 3, 961, false, UNEDITED, link properties: {InterfaceName: rmnet_data0 LinkAddresses: [ [REDACTED_IPV6]/64 ] DnsAddresses: [ /[REDACTED_IPV6]::,/[REDACTED_IPV6]:: ] PcscfAddresses: [ /[REDACTED_IPV6],/[REDACTED_IPV6],/[REDACTED_IPV6] ] Domains: null MTU: 1428 TcpBufferSizes: 2097152,6291456,16777216,512000,2097152,8388608 Routes: [ ::/0 -> [REDACTED_IPV6] rmnet_data0 mtu 1428 ]}, default QoS: EpsQos { qosClassId=0 downlink=Bandwidth { maxBitrateKbps=800000000 guaranteedBitrateKbps=8} uplink=Bandwidth { maxBitrateKbps=800000000 guaranteedBitrateKbps=8}}, fail cause: NONE(0x0), network validation status: unsupported}
/storage/emulated/0/Verizon_Public_Case/manifests/daily_ingest/2026-03-21/copy_log_20260321_141008.txt	file	txt	91	no	no	[SKIP_BINARY] /data/data/com.termux/files/home/vz_reextract_20260321_132627/run.stderr.txt
/storage/emulated/0/Verizon_Public_Case/manifests/daily_ingest/2026-03-21/residual_sensitive_hits_retry_20260321_142424.txt	file	txt	0	no	no	
/storage/emulated/0/Verizon_Public_Case/manifests/daily_ingest/2026-03-21/residual_sensitive_summary_retry_20260321_142424.txt	file	txt	86	no	no	== residual hits by file ==
/storage/emulated/0/Verizon_Public_Case/manifests/verizon_public_tree_20260308T135536Z.tsv	file	tsv	5123	no	no	.gitignore 148 8ca806e1e9d314f4369e317f577f76234091d4ced6d44dee4549f71809ffd3a4
/storage/emulated/0/Verizon_Public_Case/manifests/verizon_public_sha256_20260308T135536Z.txt	file	txt	4982	no	no	8ca806e1e9d314f4369e317f577f76234091d4ced6d44dee4549f71809ffd3a4  .gitignore
/storage/emulated/0/Verizon_Public_Case/manifests/verizon_public_tree_20260308T135536Z.tsv.sha256	file	sha256	157	no	no	663b118928fc0f55977ccc2b41595fa3387c9d27e653c624dbb071f66798b998  /storage/emulated/0/Verizon_Public_Case/manifests/verizon_public_tree_20260308T135536Z.tsv
/storage/emulated/0/Verizon_Public_Case/manifests/verizon_public_sha256_20260308T135536Z.txt.sha256	file	sha256	159	no	no	a3d4276c45fabbea566b3b484cfe15fde57e927ee42bb4cf5e9ed337fa1c2777  /storage/emulated/0/Verizon_Public_Case/manifests/verizon_public_sha256_20260308T135536Z.txt
/storage/emulated/0/Verizon_Public_Case/docs/repo_policy/public_repo_freeze_policy.md	doc	md	741	no	no	# Public Repo Freeze Policy
/storage/emulated/0/Verizon_Public_Case/docs/daily_ingest/2026-03-21/LOCAL_EVIDENCE_REEXTRACT_SUMMARY.md	doc	md	185185	no	no	# Local Evidence Re-Extraction Summary
/storage/emulated/0/Verizon_Public_Case/docs/daily_ingest/2026-03-21/README.txt	file	txt	256	no	no	Output directory: [REDACTED_PATH]
/storage/emulated/0/Verizon_Public_Case/docs/daily_ingest/2026-03-21/CURATED_CORROBORATION_SUMMARY.md	doc	md	1053	no	no	# Curated Corroboration Summary
/storage/emulated/0/Verizon_Public_Case/run_now.sh	shell	sh	436	no	yes	#!/data/data/com.termux/files/usr/bin/bash
/storage/emulated/0/Verizon_Public_Case/file_index.txt	file	txt	1167	no	no	/storage/emulated/0/Verizon_Public_Case/.git/COMMIT_EDITMSG
/storage/emulated/0/Verizon_Public_Case/_inventory/TREE_TOPLEVEL.txt	file	txt	10860	no	no	/storage/emulated/0/Verizon_Public_Case/.git
/storage/emulated/0/Verizon_Public_Case/_inventory/SCRIPT_INVENTORY.tsv	file	tsv	101	no	no	path ext size_bytes shebang kind
/storage/emulated/0/Verizon_Public_Case/_inventory/SCRIPT_CENTRALIZATION_CANDIDATES.tsv	file	tsv	54	no	no	base stem ext size_bytes shebang dir candidate_reason
/storage/emulated/0/Verizon_Public_Case/_inventory_full/FULL_CENSUS.tsv	file	tsv	26477	no	no	path type ext size_bytes executable shebang first_line
/storage/emulated/0/Verizon_Public_Case/_inventory_full/EXECUTABLES.tsv	file	tsv	27	no	no	path size_bytes first_line
/storage/emulated/0/Verizon_Public_Case/_inventory_full/SHEBANG_FILES.tsv	file	tsv	125	no	no	path size_bytes first_line
/storage/emulated/0/Verizon_Public_Case/_inventory_full/CONFIG_AND_DATA_FILES.tsv	file	tsv	20	no	no	path ext size_bytes
/storage/emulated/0/Verizon_Public_Case/manifest.sha256	file	sha256	36918	no	no	889b077815e06b67a20eb1b6e42a437d78d86b95a76fcd190ad64f636f9f00c5  /storage/emulated/0/Verizon_Public_Case/core/net_evidence_core/net_evidence_20260115T061839Z/_run.log
